vessel_id,timestamp,lat,lon,speed_knots,heading_deg,linked_slick_id
209101690,2019-09-07T00:14:43Z,31.76766,29.96493,14.3,87.6,SLK-0060
209101690,2019-09-07T00:29:43Z,31.77823,30.03414,15.1,78.9,SLK-0060
209101690,2019-09-07T00:44:43Z,31.78281,30.1086,15.2,87.1,SLK-0060
209101690,2019-09-07T00:59:43Z,31.79448,30.17559,14.1,81.3,SLK-0060
209101690,2019-09-07T01:14:43Z,31.80183,30.24747,15.1,79.7,SLK-0060
209101690,2019-09-07T01:29:43Z,31.80472,30.32072,14.5,85.4,SLK-0060
209156627,2019-03-10T04:54:23Z,32.59076,31.9339,6.4,200.4,SLK-0033
209156627,2019-03-10T05:09:23Z,32.56632,31.91229,6.1,209.5,SLK-0033
209156627,2019-03-10T05:24:23Z,32.53839,31.89965,5.8,207.9,SLK-0033
209156627,2019-03-10T05:39:23Z,32.51484,31.88548,6.3,200.6,SLK-0033
209156627,2019-03-10T05:54:23Z,32.48219,31.87659,5.9,207.0,SLK-0033
209156627,2019-03-10T06:09:23Z,32.45735,31.86077,5.8,207.8,SLK-0033
209156627,2019-03-10T06:24:23Z,32.43633,31.85225,6.5,207.6,SLK-0033
209156627,2019-03-10T06:39:23Z,32.41225,31.83917,6.0,198.1,SLK-0033
209156627,2019-03-10T06:54:23Z,32.39247,31.82181,6.8,204.2,SLK-0033
209230755,2019-09-06T23:29:43Z,31.95464,30.63845,6.8999999999999995,240.6,SLK-0060
209230755,2019-09-06T23:44:43Z,31.93893,30.61299,6.7,242.2,SLK-0060
209230755,2019-09-06T23:59:43Z,31.92592,30.58597,6.7,235.6,SLK-0060
209230755,2019-09-07T00:14:43Z,31.90137,30.56014,7.1,237.5,SLK-0060
209230755,2019-09-07T00:29:43Z,31.89026,30.5321,6.8,238.1,SLK-0060
209230755,2019-09-07T00:44:43Z,31.86928,30.50339,6.3,231.3,SLK-0060
209230755,2019-09-07T00:59:43Z,31.85803,30.4782,6.3,236.8,SLK-0060
209230755,2019-09-07T01:14:43Z,31.83965,30.44192,6.8,242.2,SLK-0060
209230755,2019-09-07T01:29:43Z,31.83052,30.41453,6.5,238.1,SLK-0060
209282255,2019-03-10T05:39:23Z,32.55419,31.59428,10.2,131.8,SLK-0033
209282255,2019-03-10T05:54:23Z,32.52356,31.63649,9.9,132.4,SLK-0033
209282255,2019-03-10T06:09:23Z,32.48907,31.67135,10.4,134.4,SLK-0033
209282255,2019-03-10T06:24:23Z,32.46084,31.70143,10.9,134.0,SLK-0033
209282255,2019-03-10T06:39:23Z,32.4297,31.73773,10.1,139.3,SLK-0033
209282255,2019-03-10T06:54:23Z,32.39438,31.78075,10.9,131.7,SLK-0033
209355039,2019-10-04T04:12:45Z,32.31722,32.45206,16.900000000000002,218.1,
209355039,2019-10-04T04:32:45Z,32.2426,32.38229,16.400000000000002,223.3,
209355039,2019-10-04T04:52:45Z,32.16798,32.31252,17.200000000000003,215.6,
209355039,2019-10-04T05:12:45Z,32.09336,32.24275,16.5,213.3,
209355039,2019-10-04T05:32:45Z,32.01874,32.17298,17.5,223.1,
209355039,2019-10-04T05:52:45Z,31.94412,32.10321,18.1,214.0,
209355039,2019-10-04T06:12:45Z,31.86951,32.03344,17.3,217.1,
209355039,2019-10-04T06:32:45Z,31.79489,31.96368,16.700000000000003,222.5,
209355039,2019-10-04T06:52:45Z,31.72027,31.89391,18.0,219.8,
209355039,2019-10-04T07:12:45Z,31.64565,31.82414,17.700000000000003,212.1,
209462781,2019-11-11T19:59:54Z,35.29124,31.74935,6.2,250.0,SLK-0011
209462781,2019-11-11T20:14:54Z,35.27852,31.71869,6.8,256.8,SLK-0011
209462781,2019-11-11T20:29:54Z,35.26744,31.68729,6.9,255.4,SLK-0011
209462781,2019-11-11T20:44:54Z,35.2583,31.65745,6.8,247.2,SLK-0011
209462781,2019-11-11T20:59:54Z,35.2579,31.62342,7.5,255.1,SLK-0011
209462781,2019-11-11T21:14:54Z,35.24189,31.58896,6.1000000000000005,253.2,SLK-0011
209462781,2019-11-11T21:29:54Z,35.23723,31.55507,6.2,248.0,SLK-0011
209462781,2019-11-11T21:44:54Z,35.22535,31.51929,6.0,247.6,SLK-0011
209569618,2019-04-02T16:38:28Z,33.61609,32.04409,13.5,205.4,
209569618,2019-04-02T16:58:28Z,33.5544,32.00143,13.700000000000001,214.3,
209569618,2019-04-02T17:18:28Z,33.49271,31.95877,12.4,204.2,
209569618,2019-04-02T17:38:28Z,33.43102,31.9161,13.0,215.7,
209569618,2019-04-02T17:58:28Z,33.36933,31.87344,11.9,215.0,
209569618,2019-04-02T18:18:28Z,33.30765,31.83078,11.8,211.1,
209569618,2019-04-02T18:38:28Z,33.24596,31.78812,13.4,215.1,
209569618,2019-04-02T18:58:28Z,33.18427,31.74546,13.3,207.3,
209569618,2019-04-02T19:18:28Z,33.12258,31.70279,12.100000000000001,213.6,
209569618,2019-04-02T19:38:28Z,33.06089,31.66013,12.8,209.7,
209569618,2019-04-02T19:58:28Z,32.9992,31.61747,13.8,203.3,
209660649,2019-10-17T22:43:34Z,32.43214,31.37281,15.6,175.4,SLK-0068
209660649,2019-10-17T22:58:34Z,32.36609,31.38359,15.0,172.1,SLK-0068
209660649,2019-10-17T23:13:34Z,32.3052,31.38838,16.0,171.7,SLK-0068
209660649,2019-10-17T23:28:34Z,32.23686,31.40382,16.2,168.4,SLK-0068
209660649,2019-10-17T23:43:34Z,32.1785,31.41966,15.1,168.9,SLK-0068
209662926,2019-04-05T18:08:45Z,33.54653,33.40226,12.299999999999999,253.0,SLK-0009
209662926,2019-04-05T18:23:45Z,33.5286,33.34363,13.1,251.4,SLK-0009
209662926,2019-04-05T18:38:45Z,33.5128,33.28242,12.2,257.7,SLK-0009
209662926,2019-04-05T18:53:45Z,33.49575,33.2255,12.899999999999999,249.0,SLK-0009
209662926,2019-04-05T19:08:45Z,33.48024,33.16573,12.799999999999999,247.0,SLK-0009
209662926,2019-04-05T19:23:45Z,33.4652,33.10005,13.299999999999999,253.0,SLK-0009
209662926,2019-04-05T19:38:45Z,33.44793,33.0452,12.6,254.5,SLK-0009
209834906,2019-08-06T04:12:34Z,35.80662,30.31453,16.2,168.6,
209834906,2019-08-06T04:32:34Z,35.72254,30.34829,16.0,158.2,
209834906,2019-08-06T04:52:34Z,35.63845,30.38205,16.5,162.6,
209834906,2019-08-06T05:12:34Z,35.55437,30.4158,15.3,168.0,
209834906,2019-08-06T05:32:34Z,35.47028,30.44956,16.9,161.8,
209834906,2019-08-06T05:52:34Z,35.3862,30.48332,16.6,162.5,
209887638,2019-07-26T00:38:11Z,35.41483,32.88665,9.799999999999999,49.5,SLK-0073
209887638,2019-07-26T00:53:11Z,35.43535,32.92545,10.299999999999999,58.3,SLK-0073
209887638,2019-07-26T01:08:11Z,35.46572,32.9645,9.299999999999999,58.2,SLK-0073
209887638,2019-07-26T01:23:11Z,35.48744,33.00775,9.799999999999999,58.9,SLK-0073
209887638,2019-07-26T01:38:11Z,35.50486,33.04532,10.1,53.8,SLK-0073
209887638,2019-07-26T01:53:11Z,35.53087,33.09081,9.5,49.2,SLK-0073
209887638,2019-07-26T02:08:11Z,35.55699,33.12332,10.4,49.1,SLK-0073
209914113,2019-07-09T18:20:01Z,34.68073,31.3204,9.1,139.3,SLK-0113
209914113,2019-07-09T18:35:01Z,34.64991,31.35453,9.8,127.8,SLK-0113
209914113,2019-07-09T18:50:01Z,34.63056,31.38523,8.4,129.6,SLK-0113
209914113,2019-07-09T19:05:01Z,34.59883,31.41305,8.5,136.6,SLK-0113
209914113,2019-07-09T19:20:01Z,34.57691,31.44969,8.2,129.5,SLK-0113
209926680,2019-04-02T06:50:13Z,34.07942,33.75336,8.9,79.2,SLK-0002
209926680,2019-04-02T07:05:13Z,34.09505,33.79343,8.0,75.9,SLK-0002
209926680,2019-04-02T07:20:13Z,34.09963,33.8294,9.200000000000001,75.3,SLK-0002
209926680,2019-04-02T07:35:13Z,34.10971,33.87017,8.3,79.7,SLK-0002
209926680,2019-04-02T07:50:13Z,34.12122,33.91388,8.3,75.6,SLK-0002
209926680,2019-04-02T08:05:13Z,34.12965,33.95364,8.8,69.7,SLK-0002
209926680,2019-04-02T08:20:13Z,34.14344,33.99136,7.6000000000000005,71.5,SLK-0002
209926680,2019-04-02T08:35:13Z,34.14904,34.03685,9.0,73.4,SLK-0002
209926680,2019-04-02T08:50:13Z,34.16104,34.07823,8.1,77.3,SLK-0002
209940201,2019-07-09T18:05:01Z,34.5986,31.01046,15.4,96.9,SLK-0113
209940201,2019-07-09T18:20:01Z,34.5948,31.0854,16.0,95.3,SLK-0113
209940201,2019-07-09T18:35:01Z,34.58088,31.16941,15.200000000000001,93.8,SLK-0113
209940201,2019-07-09T18:50:01Z,34.57979,31.24082,15.4,100.7,SLK-0113
209940201,2019-07-09T19:05:01Z,34.56651,31.32401,16.1,95.6,SLK-0113
209940201,2019-07-09T19:20:01Z,34.55531,31.40484,16.5,94.0,SLK-0113
209964617,2019-06-12T04:12:09Z,34.36126,32.26101,8.700000000000001,24.3,
209964617,2019-06-12T04:32:09Z,34.40423,32.28323,8.4,21.8,
209964617,2019-06-12T04:52:09Z,34.44719,32.30544,8.1,28.3,
209964617,2019-06-12T05:12:09Z,34.49016,32.32766,9.0,21.2,
209964617,2019-06-12T05:32:09Z,34.53313,32.34988,8.5,17.7,
209964617,2019-06-12T05:52:09Z,34.57609,32.37209,7.7,17.9,
209964617,2019-06-12T06:12:09Z,34.61906,32.39431,8.3,22.0,
209964617,2019-06-12T06:32:09Z,34.66203,32.41652,8.5,19.4,
209964617,2019-06-12T06:52:09Z,34.705,32.43874,7.7,31.0,
209964617,2019-06-12T07:12:09Z,34.74796,32.46096,8.5,28.0,
209966487,2019-04-17T16:38:04Z,34.54053,28.01326,12.2,329.0,
209966487,2019-04-17T16:58:04Z,34.5984,27.97025,12.7,328.3,
209966487,2019-04-17T17:18:04Z,34.65626,27.92724,11.899999999999999,333.5,
209966487,2019-04-17T17:38:04Z,34.71413,27.88423,11.299999999999999,321.3,
209966487,2019-04-17T17:58:04Z,34.772,27.84122,11.6,323.1,
209966487,2019-04-17T18:18:04Z,34.82987,27.79821,12.399999999999999,333.5,
209966487,2019-04-17T18:38:04Z,34.88773,27.7552,12.5,329.4,
209966487,2019-04-17T18:58:04Z,34.9456,27.71219,11.399999999999999,334.3,
209966487,2019-04-17T19:18:04Z,35.00347,27.66919,11.399999999999999,328.9,
209966487,2019-04-17T19:38:04Z,35.06134,27.62618,12.899999999999999,325.3,
237129294,2019-01-31T23:36:59Z,34.80649,34.78819,12.4,339.6,SLK-0090
237129294,2019-01-31T23:51:59Z,34.85546,34.76634,11.9,336.7,SLK-0090
237129294,2019-02-01T00:06:59Z,34.89766,34.7523,11.4,336.4,SLK-0090
237129294,2019-02-01T00:21:59Z,34.94578,34.72855,12.100000000000001,342.4,SLK-0090
237129294,2019-02-01T00:36:59Z,34.99996,34.71411,11.3,342.7,SLK-0090
237144880,2019-06-11T21:26:55Z,34.31844,31.85257,15.6,118.0,SLK-0121
237144880,2019-06-11T21:41:55Z,34.28677,31.92039,16.0,117.8,SLK-0121
237144880,2019-06-11T21:56:55Z,34.24854,31.99204,15.5,116.5,SLK-0121
237144880,2019-06-11T22:11:55Z,34.21536,32.05774,15.9,118.9,SLK-0121
237144880,2019-06-11T22:26:55Z,34.18499,32.13073,16.2,125.0,SLK-0121
237144880,2019-06-11T22:41:55Z,34.15417,32.20321,15.8,116.8,SLK-0121
237144880,2019-06-11T22:56:55Z,34.11892,32.27023,15.6,124.1,SLK-0121
237319999,2019-06-25T10:49:10Z,34.52176,30.74731,6.7,166.4,SLK-0047
237319999,2019-06-25T11:04:10Z,34.49073,30.75965,6.7,167.1,SLK-0047
237319999,2019-06-25T11:19:10Z,34.46498,30.75936,5.7,169.2,SLK-0047
237319999,2019-06-25T11:34:10Z,34.44594,30.77109,5.8,162.6,SLK-0047
237319999,2019-06-25T11:49:10Z,34.41982,30.78013,6.8,166.9,SLK-0047
237319999,2019-06-25T12:04:10Z,34.39454,30.78462,5.7,169.9,SLK-0047
237377494,2019-01-13T13:20:50Z,36.13624,33.01858,9.3,216.9,SLK-0006
237377494,2019-01-13T13:35:50Z,36.10741,32.9831,10.0,219.6,SLK-0006
237377494,2019-01-13T13:50:50Z,36.07891,32.94972,8.700000000000001,215.6,SLK-0006
237377494,2019-01-13T14:05:50Z,36.05399,32.91423,9.700000000000001,225.5,SLK-0006
237377494,2019-01-13T14:20:50Z,36.02541,32.88179,9.3,215.7,SLK-0006
237377494,2019-01-13T14:35:50Z,35.98895,32.85269,9.200000000000001,219.9,SLK-0006
237377494,2019-01-13T14:50:50Z,35.96014,32.82272,9.600000000000001,219.5,SLK-0006
237377494,2019-01-13T15:05:50Z,35.93663,32.78963,9.8,223.9,SLK-0006
237377494,2019-01-13T15:20:50Z,35.9054,32.75814,9.0,218.2,SLK-0006
237514984,2019-01-08T16:38:22Z,31.88049,33.50011,16.5,232.5,
237514984,2019-01-08T16:58:22Z,31.82898,33.41306,16.7,239.5,
237514984,2019-01-08T17:18:22Z,31.77747,33.326,15.299999999999999,229.4,
237514984,2019-01-08T17:38:22Z,31.72596,33.23895,17.0,229.9,
237514984,2019-01-08T17:58:22Z,31.67445,33.1519,16.7,229.9,
237514984,2019-01-08T18:18:22Z,31.62295,33.06484,15.299999999999999,228.3,
237514984,2019-01-08T18:38:22Z,31.57144,32.97779,15.7,235.1,
237514984,2019-01-08T18:58:22Z,31.51993,32.89074,15.799999999999999,235.5,
237514984,2019-01-08T19:18:22Z,31.46842,32.80368,16.9,230.4,
237514984,2019-01-08T19:38:22Z,31.41691,32.71663,16.5,232.8,
237514984,2019-01-08T19:58:22Z,31.3654,32.62958,16.2,239.5,
237514984,2019-01-08T20:18:22Z,31.31389,32.54253,16.7,240.4,
237516119,2019-02-15T04:12:50Z,33.94917,31.8618,18.099999999999998,247.2,
237516119,2019-02-15T04:32:50Z,33.91439,31.75294,18.099999999999998,251.7,
237516119,2019-02-15T04:52:50Z,33.8796,31.64408,17.4,247.5,
237516119,2019-02-15T05:12:50Z,33.84482,31.53522,17.9,242.3,
237516119,2019-02-15T05:32:50Z,33.81004,31.42636,17.4,241.0,
237516119,2019-02-15T05:52:50Z,33.77526,31.31749,17.0,252.5,
237564903,2019-04-05T16:58:26Z,35.99525,28.9331,13.0,281.8,SLK-0012
237564903,2019-04-05T17:13:26Z,36.0146,28.86776,12.0,286.6,SLK-0012
237564903,2019-04-05T17:28:26Z,36.02409,28.80469,12.1,287.4,SLK-0012
237564903,2019-04-05T17:43:26Z,36.03153,28.74788,13.2,284.8,SLK-0012
237564903,2019-04-05T17:58:26Z,36.04212,28.68733,13.1,282.9,SLK-0012
237564903,2019-04-05T18:13:26Z,36.05539,28.61522,12.2,287.0,SLK-0012
237564903,2019-04-05T18:28:26Z,36.06912,28.56143,11.8,283.5,SLK-0012
237564903,2019-04-05T18:43:26Z,36.08343,28.49118,13.1,288.8,SLK-0012
237564903,2019-04-05T18:58:26Z,36.09611,28.43348,12.6,285.6,SLK-0012
237597648,2019-07-25T18:44:24Z,34.00968,33.40625,10.4,199.9,SLK-0103
237597648,2019-07-25T18:59:24Z,33.97466,33.38743,10.0,200.4,SLK-0103
237597648,2019-07-25T19:14:24Z,33.93658,33.37995,9.9,197.3,SLK-0103
237597648,2019-07-25T19:29:24Z,33.89733,33.35822,9.799999999999999,201.8,SLK-0103
237597648,2019-07-25T19:44:24Z,33.86262,33.34788,9.299999999999999,200.5,SLK-0103
237597648,2019-07-25T19:59:24Z,33.82025,33.33093,9.9,194.8,SLK-0103
237597648,2019-07-25T20:14:24Z,33.78659,33.31594,8.9,200.9,SLK-0103
237597648,2019-07-25T20:29:24Z,33.74615,33.30634,8.9,197.2,SLK-0103
237617778,2019-12-21T11:10:54Z,32.89804,30.23031,4.2,239.2,SLK-0081
237617778,2019-12-21T11:25:54Z,32.89218,30.21429,4.8999999999999995,240.1,SLK-0081
237617778,2019-12-21T11:40:54Z,32.88209,30.18864,4.8999999999999995,230.9,SLK-0081
237617778,2019-12-21T11:55:54Z,32.86899,30.17148,3.9,231.0,SLK-0081
237617778,2019-12-21T12:10:54Z,32.85952,30.15385,3.5,233.9,SLK-0081
237619045,2019-08-13T12:52:23Z,34.23773,31.16338,9.1,200.6,SLK-0037
237619045,2019-08-13T13:07:23Z,34.19665,31.15203,8.899999999999999,200.0,SLK-0037
237619045,2019-08-13T13:22:23Z,34.16142,31.12849,8.7,200.8,SLK-0037
237619045,2019-08-13T13:37:23Z,34.13127,31.11469,9.5,201.1,SLK-0037
237619045,2019-08-13T13:52:23Z,34.08716,31.10716,8.399999999999999,192.8,SLK-0037
237619045,2019-08-13T14:07:23Z,34.05527,31.08591,9.399999999999999,200.2,SLK-0037
237619045,2019-08-13T14:22:23Z,34.0179,31.07476,9.899999999999999,197.5,SLK-0037
237965347,2019-09-09T18:22:12Z,35.56756,35.72504,15.4,326.1,SLK-0029
237965347,2019-09-09T18:37:12Z,35.61177,35.67647,15.4,322.7,SLK-0029
237965347,2019-09-09T18:52:12Z,35.65939,35.63003,14.5,317.3,SLK-0029
237965347,2019-09-09T19:07:12Z,35.71569,35.57776,15.9,324.1,SLK-0029
237965347,2019-09-09T19:22:12Z,35.76448,35.52678,14.8,325.1,SLK-0029
237965347,2019-09-09T19:37:12Z,35.81011,35.47815,15.8,323.1,SLK-0029
237965347,2019-09-09T19:52:12Z,35.86647,35.43527,15.9,317.6,SLK-0029
237965347,2019-09-09T20:07:12Z,35.91526,35.38388,15.100000000000001,320.5,SLK-0029
237965347,2019-09-09T20:22:12Z,35.96818,35.33198,15.600000000000001,327.7,SLK-0029
247053005,2019-01-13T06:13:53Z,33.73902,27.62349,11.6,28.5,SLK-0130
247053005,2019-01-13T06:28:53Z,33.77945,27.65313,11.1,32.9,SLK-0130
247053005,2019-01-13T06:43:53Z,33.81795,27.68554,10.700000000000001,33.9,SLK-0130
247053005,2019-01-13T06:58:53Z,33.86266,27.70572,12.1,29.3,SLK-0130
247053005,2019-01-13T07:13:53Z,33.90321,27.74109,12.0,32.2,SLK-0130
247053005,2019-01-13T07:28:53Z,33.9413,27.77182,10.9,33.1,SLK-0130
247053005,2019-01-13T07:43:53Z,33.97987,27.80351,11.1,30.5,SLK-0130
247053005,2019-01-13T07:58:53Z,34.02615,27.82917,12.0,25.2,SLK-0130
247053005,2019-01-13T08:13:53Z,34.06399,27.85804,12.200000000000001,30.0,SLK-0130
247065724,2019-11-22T16:38:19Z,32.88423,32.91648,12.5,191.5,
247065724,2019-11-22T16:58:19Z,32.81995,32.91001,11.4,179.2,
247065724,2019-11-22T17:18:19Z,32.75566,32.90354,11.0,191.1,
247065724,2019-11-22T17:38:19Z,32.69138,32.89706,11.9,189.2,
247065724,2019-11-22T17:58:19Z,32.62709,32.89059,12.6,186.2,
247065724,2019-11-22T18:18:19Z,32.56281,32.88412,10.6,185.3,
247065724,2019-11-22T18:38:19Z,32.49852,32.87765,11.4,183.2,
247065724,2019-11-22T18:58:19Z,32.43424,32.87117,12.4,185.1,
247126781,2019-08-23T05:30:21Z,33.053,34.85361,9.6,218.0,SLK-0083
247126781,2019-08-23T05:45:21Z,33.01964,34.81723,10.4,211.8,SLK-0083
247126781,2019-08-23T06:00:21Z,32.98633,34.79121,10.6,214.8,SLK-0083
247126781,2019-08-23T06:15:21Z,32.96022,34.76141,9.6,220.0,SLK-0083
247126781,2019-08-23T06:30:21Z,32.92252,34.73033,10.200000000000001,216.9,SLK-0083
247126781,2019-08-23T06:45:21Z,32.8886,34.70042,9.700000000000001,214.2,SLK-0083
247126781,2019-08-23T07:00:21Z,32.8529,34.66865,9.700000000000001,215.0,SLK-0083
247126781,2019-08-23T07:15:21Z,32.81846,34.64336,10.4,219.9,SLK-0083
247126781,2019-08-23T07:30:21Z,32.79121,34.61275,10.1,219.2,SLK-0083
247273721,2019-04-06T01:02:09Z,33.4606,30.7333,9.0,174.4,SLK-0053
247273721,2019-04-06T01:17:09Z,33.42194,30.73644,9.8,171.9,SLK-0053
247273721,2019-04-06T01:32:09Z,33.38507,30.74731,9.9,177.3,SLK-0053
247273721,2019-04-06T01:47:09Z,33.34588,30.75318,9.8,172.2,SLK-0053
247273721,2019-04-06T02:02:09Z,33.30866,30.76069,9.0,173.0,SLK-0053
247273721,2019-04-06T02:17:09Z,33.2743,30.76601,9.700000000000001,171.7,SLK-0053
247273721,2019-04-06T02:32:09Z,33.23117,30.77265,9.4,176.5,SLK-0053
247273721,2019-04-06T02:47:09Z,33.19706,30.78066,9.5,167.3,SLK-0053
247303200,2019-12-04T04:12:02Z,32.82382,30.64781,6.4,228.1,
247303200,2019-12-04T04:32:02Z,32.80119,30.61427,6.6,228.1,
247303200,2019-12-04T04:52:02Z,32.77855,30.58072,7.2,237.6,
247303200,2019-12-04T05:12:02Z,32.75592,30.54718,7.1,225.3,
247303200,2019-12-04T05:32:02Z,32.73328,30.51364,6.6,234.5,
247303200,2019-12-04T05:52:02Z,32.71065,30.4801,5.7,235.8,
247303200,2019-12-04T06:12:02Z,32.68801,30.44655,5.5,225.9,
247303200,2019-12-04T06:32:02Z,32.66538,30.41301,6.1,231.9,
247303200,2019-12-04T06:52:02Z,32.64275,30.37947,7.2,227.0,
247303200,2019-12-04T07:12:02Z,32.62011,30.34593,6.1,227.3,
247303200,2019-12-04T07:32:02Z,32.59748,30.31238,7.4,238.6,
247387043,2019-01-13T06:13:53Z,33.78637,28.35504,12.5,304.9,SLK-0130
247387043,2019-01-13T06:28:53Z,33.8195,28.29566,12.8,309.4,SLK-0130
247387043,2019-01-13T06:43:53Z,33.86013,28.24854,13.700000000000001,308.5,SLK-0130
247387043,2019-01-13T06:58:53Z,33.88873,28.19468,12.700000000000001,315.1,SLK-0130
247387043,2019-01-13T07:13:53Z,33.92588,28.14388,13.200000000000001,315.2,SLK-0130
247387043,2019-01-13T07:28:53Z,33.96146,28.09181,13.0,311.0,SLK-0130
247387043,2019-01-13T07:43:53Z,34.00308,28.04576,12.8,304.3,SLK-0130
247387043,2019-01-13T07:58:53Z,34.03061,27.99179,13.5,304.0,SLK-0130
247387043,2019-01-13T08:13:53Z,34.06575,27.93541,13.3,315.1,SLK-0130
247462568,2019-01-17T06:52:29Z,36.34189,30.864,4.8,260.7,SLK-0035
247462568,2019-01-17T07:07:29Z,36.33674,30.84082,4.3,261.3,SLK-0035
247462568,2019-01-17T07:22:29Z,36.33519,30.8242,4.8,254.8,SLK-0035
247462568,2019-01-17T07:37:29Z,36.33362,30.80225,4.8,259.2,SLK-0035
247462568,2019-01-17T07:52:29Z,36.32262,30.77599,4.3999999999999995,254.3,SLK-0035
247484986,2019-03-24T16:38:59Z,34.36318,30.65293,13.799999999999999,350.6,
247484986,2019-03-24T16:58:59Z,34.44213,30.65061,14.0,2.6,
247484986,2019-03-24T17:18:59Z,34.52108,30.6483,13.799999999999999,358.9,
247484986,2019-03-24T17:38:59Z,34.60003,30.64598,13.5,356.3,
247484986,2019-03-24T17:58:59Z,34.67898,30.64366,13.7,5.9,
247484986,2019-03-24T18:18:59Z,34.75794,30.64134,14.299999999999999,358.1,
247643585,2019-04-17T11:11:46Z,34.81887,29.39426,7.7,62.2,SLK-0039
247643585,2019-04-17T11:26:46Z,34.83328,29.43094,8.6,58.8,SLK-0039
247643585,2019-04-17T11:41:46Z,34.85509,29.45764,7.8,60.2,SLK-0039
247643585,2019-04-17T11:56:46Z,34.86568,29.49665,7.3,58.6,SLK-0039
247643585,2019-04-17T12:11:46Z,34.88462,29.52867,8.5,61.0,SLK-0039
247643585,2019-04-17T12:26:46Z,34.89771,29.56975,8.4,58.7,SLK-0039
247643585,2019-04-17T12:41:46Z,34.92018,29.60419,8.6,59.4,SLK-0039
247643585,2019-04-17T12:56:46Z,34.93127,29.6377,7.8,54.8,SLK-0039
247681925,2019-05-22T08:49:54Z,33.85292,34.7128,15.4,134.3,SLK-0066
247681925,2019-05-22T09:04:54Z,33.80835,34.76725,15.200000000000001,132.8,SLK-0066
247681925,2019-05-22T09:19:54Z,33.77105,34.82797,14.8,124.1,SLK-0066
247681925,2019-05-22T09:34:54Z,33.7333,34.87535,14.100000000000001,127.7,SLK-0066
247681925,2019-05-22T09:49:54Z,33.69192,34.93898,14.3,134.2,SLK-0066
248133043,2019-12-14T16:38:45Z,34.52332,30.81035,11.7,28.3,
248133043,2019-12-14T16:58:45Z,34.58427,30.84498,12.0,25.9,
248133043,2019-12-14T17:18:45Z,34.64522,30.87961,12.0,27.0,
248133043,2019-12-14T17:38:45Z,34.70616,30.91424,11.6,21.5,
248133043,2019-12-14T17:58:45Z,34.76711,30.94887,11.799999999999999,23.1,
248133043,2019-12-14T18:18:45Z,34.82806,30.98349,13.0,32.0,
248133043,2019-12-14T18:38:45Z,34.88901,31.01812,11.7,20.6,
248133043,2019-12-14T18:58:45Z,34.94995,31.05275,11.6,30.4,
248252305,2019-12-16T17:56:44Z,32.68097,34.70304,16.7,1.3,SLK-0016
248252305,2019-12-16T18:11:44Z,32.74274,34.70516,16.099999999999998,359.7,SLK-0016
248252305,2019-12-16T18:26:44Z,32.81501,34.7056,15.899999999999999,6.9,SLK-0016
248252305,2019-12-16T18:41:44Z,32.88266,34.71086,16.7,7.7,SLK-0016
248252305,2019-12-16T18:56:44Z,32.95483,34.71474,16.599999999999998,4.0,SLK-0016
248252305,2019-12-16T19:11:44Z,33.02327,34.72142,16.599999999999998,2.8,SLK-0016
248252305,2019-12-16T19:26:44Z,33.08351,34.72636,15.799999999999999,7.8,SLK-0016
248252305,2019-12-16T19:41:44Z,33.15386,34.73329,16.5,357.2,SLK-0016
248252305,2019-12-16T19:56:44Z,33.22058,34.72844,16.299999999999997,8.8,SLK-0016
248320347,2019-04-20T13:27:15Z,35.20575,31.19103,17.2,251.2,SLK-0057
248320347,2019-04-20T13:42:15Z,35.1877,31.11144,17.9,255.6,SLK-0057
248320347,2019-04-20T13:57:15Z,35.15523,31.01928,17.8,250.2,SLK-0057
248320347,2019-04-20T14:12:15Z,35.13926,30.93473,17.7,253.3,SLK-0057
248320347,2019-04-20T14:27:15Z,35.10917,30.85406,16.7,246.4,SLK-0057
248320347,2019-04-20T14:42:15Z,35.09053,30.76681,18.1,254.5,SLK-0057
248320347,2019-04-20T14:57:15Z,35.06432,30.6834,17.2,247.4,SLK-0057
248649259,2019-12-21T10:10:54Z,33.02971,29.43276,16.2,105.1,SLK-0081
248649259,2019-12-21T10:25:54Z,33.00427,29.5161,16.5,101.6,SLK-0081
248649259,2019-12-21T10:40:54Z,32.98841,29.59019,16.5,108.4,SLK-0081
248649259,2019-12-21T10:55:54Z,32.96873,29.67428,15.899999999999999,106.4,SLK-0081
248649259,2019-12-21T11:10:54Z,32.95191,29.74584,16.799999999999997,111.2,SLK-0081
248649259,2019-12-21T11:25:54Z,32.92572,29.82709,16.4,102.4,SLK-0081
248649259,2019-12-21T11:40:54Z,32.91345,29.90908,17.099999999999998,111.4,SLK-0081
248649259,2019-12-21T11:55:54Z,32.88776,29.98577,17.0,102.5,SLK-0081
248649259,2019-12-21T12:10:54Z,32.87119,30.05749,16.5,109.1,SLK-0081
248724238,2019-03-15T01:47:59Z,35.84291,32.01835,12.899999999999999,227.8,SLK-0102
248724238,2019-03-15T02:02:59Z,35.80753,31.97427,11.799999999999999,235.5,SLK-0102
248724238,2019-03-15T02:17:59Z,35.77506,31.92135,12.6,234.0,SLK-0102
248724238,2019-03-15T02:32:59Z,35.74386,31.86696,11.899999999999999,228.7,SLK-0102
248724238,2019-03-15T02:47:59Z,35.71842,31.82308,12.2,227.7,SLK-0102
248724238,2019-03-15T03:02:59Z,35.68023,31.76891,12.7,235.4,SLK-0102
248724699,2019-04-05T18:08:45Z,33.49497,33.10524,3.6,234.7,SLK-0009
248724699,2019-04-05T18:23:45Z,33.48657,33.09221,3.5,238.3,SLK-0009
248724699,2019-04-05T18:38:45Z,33.47292,33.06787,4.6000000000000005,233.9,SLK-0009
248724699,2019-04-05T18:53:45Z,33.46099,33.05571,3.9000000000000004,233.6,SLK-0009
248724699,2019-04-05T19:08:45Z,33.45862,33.03318,4.3,241.0,SLK-0009
248724699,2019-04-05T19:23:45Z,33.45051,33.01643,4.7,240.4,SLK-0009
248724699,2019-04-05T19:38:45Z,33.43627,33.00176,4.9,232.7,SLK-0009
248806511,2019-02-22T18:15:26Z,32.12697,32.16285,8.200000000000001,77.9,SLK-0056
248806511,2019-02-22T18:30:26Z,32.13334,32.20111,7.6000000000000005,80.6,SLK-0056
248806511,2019-02-22T18:45:26Z,32.14053,32.24143,8.6,72.9,SLK-0056
248806511,2019-02-22T19:00:26Z,32.14589,32.28334,8.3,79.5,SLK-0056
248806511,2019-02-22T19:15:26Z,32.14865,32.31907,7.6000000000000005,77.3,SLK-0056
248912188,2019-07-14T06:18:02Z,34.11925,35.21283,5.9,352.6,SLK-0086
248912188,2019-07-14T06:33:02Z,34.14297,35.20093,6.1000000000000005,347.4,SLK-0086
248912188,2019-07-14T06:48:02Z,34.16957,35.19307,5.6000000000000005,351.2,SLK-0086
248912188,2019-07-14T07:03:02Z,34.18953,35.18643,7.0,346.5,SLK-0086
248912188,2019-07-14T07:18:02Z,34.22198,35.17485,5.6000000000000005,350.9,SLK-0086
248912188,2019-07-14T07:33:02Z,34.24847,35.17088,6.5,349.8,SLK-0086
248912188,2019-07-14T07:48:02Z,34.27557,35.16949,6.1000000000000005,341.5,SLK-0086
248912188,2019-07-14T08:03:02Z,34.30161,35.15829,5.9,347.0,SLK-0086
248942317,2019-03-15T04:12:56Z,32.77287,31.94754,14.3,93.0,
248942317,2019-03-15T04:32:56Z,32.77274,32.04014,14.4,82.2,
248942317,2019-03-15T04:52:56Z,32.77261,32.13274,14.2,96.3,
248942317,2019-03-15T05:12:56Z,32.77248,32.22535,13.7,84.9,
248942317,2019-03-15T05:32:56Z,32.77235,32.31795,13.1,92.4,
248942317,2019-03-15T05:52:56Z,32.77222,32.41055,13.7,83.4,
248942317,2019-03-15T06:12:56Z,32.7721,32.50315,13.5,88.2,
248942317,2019-03-15T06:32:56Z,32.77197,32.59575,13.8,90.0,
248942317,2019-03-15T06:52:56Z,32.77184,32.68835,14.4,90.5,
248942317,2019-03-15T07:12:56Z,32.77171,32.78096,13.5,90.5,
248993041,2019-08-31T21:58:51Z,32.8853,31.32144,15.8,243.6,SLK-0101
248993041,2019-08-31T22:13:51Z,32.85671,31.24484,14.8,243.3,SLK-0101
248993041,2019-08-31T22:28:51Z,32.82365,31.17586,14.8,246.9,SLK-0101
248993041,2019-08-31T22:43:51Z,32.78804,31.11702,16.2,247.2,SLK-0101
248993041,2019-08-31T22:58:51Z,32.76102,31.04547,15.6,243.6,SLK-0101
248993041,2019-08-31T23:13:51Z,32.72883,30.98065,15.6,240.2,SLK-0101
248993041,2019-08-31T23:28:51Z,32.7038,30.90703,16.3,242.0,SLK-0101
248993041,2019-08-31T23:43:51Z,32.67168,30.83958,15.2,242.2,SLK-0101
271089264,2019-02-19T04:12:51Z,34.6909,30.61911,12.8,261.8,
271089264,2019-02-19T04:32:51Z,34.68615,30.53815,11.9,269.2,
271089264,2019-02-19T04:52:51Z,34.6814,30.45719,13.0,272.9,
271089264,2019-02-19T05:12:51Z,34.67666,30.37622,13.0,269.3,
271089264,2019-02-19T05:32:51Z,34.67191,30.29526,12.9,269.4,
271089264,2019-02-19T05:52:51Z,34.66716,30.2143,11.3,263.8,
271089264,2019-02-19T06:12:51Z,34.66241,30.13334,12.7,258.5,
271089264,2019-02-19T06:32:51Z,34.65766,30.05238,11.7,271.7,
271089264,2019-02-19T06:52:51Z,34.65292,29.97142,11.8,265.9,
271150200,2019-08-13T09:39:48Z,34.19135,29.05532,11.0,35.7,SLK-0089
271150200,2019-08-13T09:54:48Z,34.23427,29.08679,11.1,36.6,SLK-0089
271150200,2019-08-13T10:09:48Z,34.27425,29.10817,11.200000000000001,34.3,SLK-0089
271150200,2019-08-13T10:24:48Z,34.31333,29.13471,10.5,26.7,SLK-0089
271150200,2019-08-13T10:39:48Z,34.35143,29.16691,10.4,31.4,SLK-0089
271313338,2019-11-05T14:09:26Z,32.28156,31.68026,4.8,77.9,SLK-0048
271313338,2019-11-05T14:24:26Z,32.28237,31.69848,4.3,79.7,SLK-0048
271313338,2019-11-05T14:39:26Z,32.29434,31.72142,4.2,80.9,SLK-0048
271313338,2019-11-05T14:54:26Z,32.29025,31.74505,5.1000000000000005,83.8,SLK-0048
271313338,2019-11-05T15:09:26Z,32.30371,31.76758,4.7,82.4,SLK-0048
271407881,2019-12-21T10:25:54Z,32.666,30.02217,6.1000000000000005,28.5,SLK-0081
271407881,2019-12-21T10:40:54Z,32.68633,30.03373,7.1000000000000005,33.2,SLK-0081
271407881,2019-12-21T10:55:54Z,32.70828,30.05105,6.4,22.6,SLK-0081
271407881,2019-12-21T11:10:54Z,32.73305,30.06221,5.6000000000000005,27.8,SLK-0081
271407881,2019-12-21T11:25:54Z,32.75511,30.08093,6.1000000000000005,22.7,SLK-0081
271407881,2019-12-21T11:40:54Z,32.78168,30.09688,6.9,22.8,SLK-0081
271407881,2019-12-21T11:55:54Z,32.80045,30.11444,6.7,30.1,SLK-0081
271407881,2019-12-21T12:10:54Z,32.83021,30.12519,6.9,30.7,SLK-0081
271421824,2019-11-12T00:57:32Z,32.22826,29.94929,12.200000000000001,110.6,SLK-0109
271421824,2019-11-12T01:12:32Z,32.20862,30.0124,12.6,114.2,SLK-0109
271421824,2019-11-12T01:27:32Z,32.19184,30.06984,12.1,110.1,SLK-0109
271421824,2019-11-12T01:42:32Z,32.17118,30.12266,12.3,109.2,SLK-0109
271421824,2019-11-12T01:57:32Z,32.15316,30.18223,12.4,111.0,SLK-0109
271421824,2019-11-12T02:12:32Z,32.13502,30.23148,12.4,114.5,SLK-0109
271429472,2019-08-28T06:21:10Z,35.01032,34.60341,14.5,122.8,SLK-0058
271429472,2019-08-28T06:36:10Z,34.98777,34.6743,14.5,113.0,SLK-0058
271429472,2019-08-28T06:51:10Z,34.96316,34.73255,15.2,112.0,SLK-0058
271429472,2019-08-28T07:06:10Z,34.92805,34.80328,14.3,114.0,SLK-0058
271429472,2019-08-28T07:21:10Z,34.90515,34.87049,13.8,112.3,SLK-0058
271442693,2019-02-22T17:15:26Z,32.12005,32.80565,10.6,277.8,SLK-0056
271442693,2019-02-22T17:30:26Z,32.12616,32.75084,9.899999999999999,274.5,SLK-0056
271442693,2019-02-22T17:45:26Z,32.13171,32.70396,10.399999999999999,275.2,SLK-0056
271442693,2019-02-22T18:00:26Z,32.13076,32.65753,10.2,281.3,SLK-0056
271442693,2019-02-22T18:15:26Z,32.13983,32.61017,9.799999999999999,281.8,SLK-0056
271442693,2019-02-22T18:30:26Z,32.14607,32.55645,9.5,282.0,SLK-0056
271442693,2019-02-22T18:45:26Z,32.14685,32.50576,10.6,273.3,SLK-0056
271442693,2019-02-22T19:00:26Z,32.14801,32.45147,10.1,280.1,SLK-0056
271442693,2019-02-22T19:15:26Z,32.15983,32.40315,9.5,278.2,SLK-0056
271529394,2019-02-11T08:02:19Z,33.39255,32.71518,8.299999999999999,313.7,SLK-0019
271529394,2019-02-11T08:17:19Z,33.42255,32.68061,9.799999999999999,312.4,SLK-0019
271529394,2019-02-11T08:32:19Z,33.44802,32.65565,9.1,321.1,SLK-0019
271529394,2019-02-11T08:47:19Z,33.47539,32.62279,9.4,320.3,SLK-0019
271529394,2019-02-11T09:02:19Z,33.50311,32.58949,8.9,322.1,SLK-0019
271529394,2019-02-11T09:17:19Z,33.53775,32.56096,9.4,314.6,SLK-0019
271529394,2019-02-11T09:32:19Z,33.56174,32.52788,9.2,312.9,SLK-0019
271529394,2019-02-11T09:47:19Z,33.59565,32.50404,9.5,318.5,SLK-0019
271529394,2019-02-11T10:02:19Z,33.61792,32.46899,9.299999999999999,315.7,SLK-0019
271673917,2019-01-04T04:12:50Z,33.83998,31.52571,11.4,206.0,
271673917,2019-01-04T04:32:50Z,33.78094,31.48684,11.5,207.9,
271673917,2019-01-04T04:52:50Z,33.72189,31.44797,12.0,201.2,
271673917,2019-01-04T05:12:50Z,33.66285,31.4091,11.4,210.6,
271673917,2019-01-04T05:32:50Z,33.6038,31.37023,12.799999999999999,207.9,
271673917,2019-01-04T05:52:50Z,33.54476,31.33135,12.799999999999999,205.5,
271673917,2019-01-04T06:12:50Z,33.48572,31.29248,12.1,212.4,
271673917,2019-01-04T06:32:50Z,33.42667,31.25361,13.0,207.3,
271673917,2019-01-04T06:52:50Z,33.36763,31.21474,11.2,208.9,
271673917,2019-01-04T07:12:50Z,33.30858,31.17587,11.799999999999999,208.1,
271673917,2019-01-04T07:32:50Z,33.24954,31.137,11.4,203.8,
271673917,2019-01-04T07:52:50Z,33.19049,31.09813,11.6,213.5,
271737867,2019-08-13T09:39:48Z,34.41027,29.06671,5.3999999999999995,100.6,SLK-0089
271737867,2019-08-13T09:54:48Z,34.40558,29.09344,4.6,103.3,SLK-0089
271737867,2019-08-13T10:09:48Z,34.39711,29.11625,5.0,94.9,SLK-0089
271737867,2019-08-13T10:24:48Z,34.39516,29.14648,5.699999999999999,104.0,SLK-0089
271737867,2019-08-13T10:39:48Z,34.39192,29.17485,5.3999999999999995,99.2,SLK-0089
271769845,2019-10-27T01:07:23Z,31.95209,31.74256,6.3,98.9,SLK-0124
271769845,2019-10-27T01:22:23Z,31.94049,31.78382,7.2,97.8,SLK-0124
271769845,2019-10-27T01:37:23Z,31.93767,31.81211,6.3999999999999995,94.2,SLK-0124
271769845,2019-10-27T01:52:23Z,31.94183,31.84944,7.5,92.4,SLK-0124
271769845,2019-10-27T02:07:23Z,31.93667,31.8826,6.3,96.9,SLK-0124
271769845,2019-10-27T02:22:23Z,31.93353,31.91007,6.7,100.5,SLK-0124
271769845,2019-10-27T02:37:23Z,31.92834,31.94662,6.8,100.4,SLK-0124
271793450,2019-09-01T00:43:17Z,31.72867,28.9211,11.9,21.4,SLK-0077
271793450,2019-09-01T00:58:17Z,31.77901,28.9392,11.1,19.8,SLK-0077
271793450,2019-09-01T01:13:17Z,31.8167,28.95792,10.799999999999999,22.4,SLK-0077
271793450,2019-09-01T01:28:17Z,31.86069,28.98173,11.6,21.2,SLK-0077
271793450,2019-09-01T01:43:17Z,31.90876,29.00583,11.1,21.6,SLK-0077
351029449,2019-06-15T19:49:40Z,36.29825,28.27199,7.4,143.1,SLK-0111
351029449,2019-06-15T20:04:40Z,36.27408,28.29978,7.2,139.2,SLK-0111
351029449,2019-06-15T20:19:40Z,36.24516,28.31916,8.0,145.5,SLK-0111
351029449,2019-06-15T20:34:40Z,36.22158,28.34426,8.5,144.9,SLK-0111
351029449,2019-06-15T20:49:40Z,36.19471,28.36892,7.4,139.8,SLK-0111
351029449,2019-06-15T21:04:40Z,36.17489,28.39082,8.1,141.6,SLK-0111
351029449,2019-06-15T21:19:40Z,36.14947,28.40961,8.1,148.7,SLK-0111
351029449,2019-06-15T21:34:40Z,36.12254,28.43899,8.2,149.9,SLK-0111
351029449,2019-06-15T21:49:40Z,36.09739,28.45865,7.1000000000000005,146.3,SLK-0111
351055261,2019-10-22T11:40:25Z,32.53429,31.1205,4.5,330.0,SLK-0104
351055261,2019-10-22T11:55:25Z,32.54884,31.10981,5.0,326.1,SLK-0104
351055261,2019-10-22T12:10:25Z,32.56123,31.10075,4.8999999999999995,321.8,SLK-0104
351055261,2019-10-22T12:25:25Z,32.57438,31.08619,3.6999999999999997,322.7,SLK-0104
351055261,2019-10-22T12:40:25Z,32.59333,31.0789,4.0,330.3,SLK-0104
351055261,2019-10-22T12:55:25Z,32.61258,31.06279,4.3,324.3,SLK-0104
351055261,2019-10-22T13:10:25Z,32.62355,31.04785,3.5999999999999996,332.8,SLK-0104
351055261,2019-10-22T13:25:25Z,32.63528,31.03842,4.0,326.0,SLK-0104
351055261,2019-10-22T13:40:25Z,32.64953,31.02741,4.5,331.4,SLK-0104
351161509,2019-03-28T10:18:54Z,35.8196,28.46817,4.1,120.8,SLK-0107
351161509,2019-03-28T10:33:54Z,35.81805,28.49205,3.9999999999999996,122.4,SLK-0107
351161509,2019-03-28T10:48:54Z,35.8058,28.50706,5.1,129.9,SLK-0107
351161509,2019-03-28T11:03:54Z,35.79016,28.53189,4.3,119.5,SLK-0107
351161509,2019-03-28T11:18:54Z,35.77721,28.55247,3.8999999999999995,128.3,SLK-0107
351161509,2019-03-28T11:33:54Z,35.76958,28.56454,4.8999999999999995,128.2,SLK-0107
351161509,2019-03-28T11:48:54Z,35.75851,28.58847,4.199999999999999,121.3,SLK-0107
351161509,2019-03-28T12:03:54Z,35.75184,28.60818,4.699999999999999,118.9,SLK-0107
351187424,2019-07-18T01:55:57Z,32.79804,32.5808,10.3,263.4,SLK-0046
351187424,2019-07-18T02:10:57Z,32.79949,32.53098,10.9,271.5,SLK-0046
351187424,2019-07-18T02:25:57Z,32.79387,32.47645,10.1,267.0,SLK-0046
351187424,2019-07-18T02:40:57Z,32.79109,32.41792,10.3,268.9,SLK-0046
351187424,2019-07-18T02:55:57Z,32.79289,32.36954,11.5,263.8,SLK-0046
351384263,2019-04-20T16:38:18Z,32.74524,30.24714,16.3,80.2,
351384263,2019-04-20T16:58:18Z,32.7617,30.35447,16.6,77.9,
351384263,2019-04-20T17:18:18Z,32.77816,30.46181,16.4,87.4,
351384263,2019-04-20T17:38:18Z,32.79462,30.56914,17.0,72.2,
351384263,2019-04-20T17:58:18Z,32.81108,30.67648,16.6,85.5,
351384263,2019-04-20T18:18:18Z,32.82754,30.78381,17.2,85.9,
351384263,2019-04-20T18:38:18Z,32.844,30.89115,16.0,84.7,
351384263,2019-04-20T18:58:18Z,32.86046,30.99848,16.5,74.9,
351384263,2019-04-20T19:18:18Z,32.87692,31.10582,17.4,80.2,
351384263,2019-04-20T19:38:18Z,32.89338,31.21315,16.3,82.2,
351578096,2019-04-17T11:41:46Z,34.63423,29.83362,13.1,339.1,SLK-0039
351578096,2019-04-17T11:56:46Z,34.68487,29.81066,12.799999999999999,341.4,SLK-0039
351578096,2019-04-17T12:11:46Z,34.7455,29.77748,14.1,335.0,SLK-0039
351578096,2019-04-17T12:26:46Z,34.79564,29.75509,13.0,338.8,SLK-0039
351578096,2019-04-17T12:41:46Z,34.84644,29.72804,14.0,336.8,SLK-0039
351578096,2019-04-17T12:56:46Z,34.8925,29.69856,14.1,338.5,SLK-0039
351607743,2019-06-25T12:12:25Z,32.79522,30.84722,15.2,253.6,SLK-0010
351607743,2019-06-25T12:27:25Z,32.78457,30.76542,15.5,262.2,SLK-0010
351607743,2019-06-25T12:42:25Z,32.7698,30.69065,15.399999999999999,255.2,SLK-0010
351607743,2019-06-25T12:57:25Z,32.75686,30.61475,16.5,253.5,SLK-0010
351607743,2019-06-25T13:12:25Z,32.74316,30.53676,14.899999999999999,258.5,SLK-0010
351607743,2019-06-25T13:27:25Z,32.72711,30.46022,15.799999999999999,259.2,SLK-0010
351607743,2019-06-25T13:42:25Z,32.71755,30.38916,16.3,259.5,SLK-0010
351607743,2019-06-25T13:57:25Z,32.70541,30.30748,16.3,252.3,SLK-0010
351607743,2019-06-25T14:12:25Z,32.68403,30.23583,16.099999999999998,252.1,SLK-0010
351641775,2019-08-13T07:18:14Z,35.3149,30.70488,17.900000000000002,31.0,SLK-0126
351641775,2019-08-13T07:33:14Z,35.37402,30.74229,17.0,33.7,SLK-0126
351641775,2019-08-13T07:48:14Z,35.43125,30.78679,17.8,26.2,SLK-0126
351641775,2019-08-13T08:03:14Z,35.49286,30.83035,16.400000000000002,35.2,SLK-0126
351641775,2019-08-13T08:18:14Z,35.56217,30.88088,17.1,32.0,SLK-0126
351641775,2019-08-13T08:33:14Z,35.62027,30.92264,17.5,28.3,SLK-0126
351641775,2019-08-13T08:48:14Z,35.68078,30.96357,16.400000000000002,29.1,SLK-0126
351641775,2019-08-13T09:03:14Z,35.74115,31.01357,16.5,32.9,SLK-0126
351743136,2019-12-14T14:26:32Z,35.89841,31.83393,17.5,44.6,SLK-0094
351743136,2019-12-14T14:41:32Z,35.95308,31.88464,16.400000000000002,39.6,SLK-0094
351743136,2019-12-14T14:56:32Z,36.01008,31.94864,16.5,36.5,SLK-0094
351743136,2019-12-14T15:11:32Z,36.06707,32.0029,17.8,43.4,SLK-0094
351743136,2019-12-14T15:26:32Z,36.11811,32.05917,17.0,37.6,SLK-0094
351799328,2019-04-05T23:45:18Z,31.51798,34.27357,16.9,304.9,SLK-0129
351799328,2019-04-06T00:00:18Z,31.56488,34.20002,17.2,307.9,SLK-0129
351799328,2019-04-06T00:15:18Z,31.61091,34.13498,18.2,308.8,SLK-0129
351799328,2019-04-06T00:30:18Z,31.65175,34.06889,17.4,306.8,SLK-0129
351799328,2019-04-06T00:45:18Z,31.70534,34.00246,17.4,314.2,SLK-0129
351799328,2019-04-06T01:00:18Z,31.74403,33.93188,17.4,313.4,SLK-0129
351799328,2019-04-06T01:15:18Z,31.7989,33.86783,18.0,303.5,SLK-0129
351842304,2019-04-05T18:23:45Z,33.01127,33.18998,18.0,343.0,SLK-0009
351842304,2019-04-05T18:38:45Z,33.08432,33.15591,18.099999999999998,336.6,SLK-0009
351842304,2019-04-05T18:53:45Z,33.1546,33.11638,18.2,340.8,SLK-0009
351842304,2019-04-05T19:08:45Z,33.22174,33.08765,18.599999999999998,341.8,SLK-0009
351842304,2019-04-05T19:23:45Z,33.28942,33.05783,17.5,340.0,SLK-0009
351842304,2019-04-05T19:38:45Z,33.35564,33.02076,17.799999999999997,334.4,SLK-0009
351935494,2019-05-22T06:11:39Z,33.25658,27.44859,5.800000000000001,344.6,SLK-0001
351935494,2019-05-22T06:26:39Z,33.27582,27.44824,6.2,347.5,SLK-0001
351935494,2019-05-22T06:41:39Z,33.30312,27.44293,5.7,350.3,SLK-0001
351935494,2019-05-22T06:56:39Z,33.3288,27.44027,5.800000000000001,353.7,SLK-0001
351935494,2019-05-22T07:11:39Z,33.34942,27.43208,5.5,350.2,SLK-0001
351935494,2019-05-22T07:26:39Z,33.36985,27.43079,5.7,348.5,SLK-0001
428093871,2019-07-17T22:07:17Z,35.21924,27.55328,4.4,272.0,SLK-0061
428093871,2019-07-17T22:22:17Z,35.21473,27.5355,4.7,264.8,SLK-0061
428093871,2019-07-17T22:37:17Z,35.21226,27.50793,4.0,269.9,SLK-0061
428093871,2019-07-17T22:52:17Z,35.21507,27.48762,4.1000000000000005,270.9,SLK-0061
428093871,2019-07-17T23:07:17Z,35.21034,27.46269,3.5,274.8,SLK-0061
428093871,2019-07-17T23:22:17Z,35.21808,27.4449,3.9000000000000004,264.5,SLK-0061
428103077,2019-12-28T13:43:35Z,31.77843,30.80281,11.0,227.2,SLK-0023
428103077,2019-12-28T13:58:35Z,31.74148,30.76709,10.799999999999999,221.9,SLK-0023
428103077,2019-12-28T14:13:35Z,31.71433,30.73632,10.0,225.5,SLK-0023
428103077,2019-12-28T14:28:35Z,31.67212,30.69932,10.6,222.1,SLK-0023
428103077,2019-12-28T14:43:35Z,31.64004,30.65957,10.5,228.0,SLK-0023
428190242,2019-02-05T04:12:37Z,32.78612,32.20836,10.9,314.7,
428190242,2019-02-05T04:32:37Z,32.83135,32.16547,9.8,319.0,
428190242,2019-02-05T04:52:37Z,32.87658,32.12259,9.6,323.4,
428190242,2019-02-05T05:12:37Z,32.9218,32.0797,10.1,317.2,
428190242,2019-02-05T05:32:37Z,32.96703,32.03682,11.1,316.2,
428190242,2019-02-05T05:52:37Z,33.01226,31.99393,9.5,314.5,
428313585,2019-04-20T13:57:15Z,34.92234,30.71514,6.5,318.2,SLK-0057
428313585,2019-04-20T14:12:15Z,34.94601,30.68896,6.3999999999999995,324.8,SLK-0057
428313585,2019-04-20T14:27:15Z,34.97047,30.66916,7.8999999999999995,318.2,SLK-0057
428313585,2019-04-20T14:42:15Z,34.99874,30.65098,7.5,322.6,SLK-0057
428313585,2019-04-20T14:57:15Z,35.02248,30.62393,7.699999999999999,316.0,SLK-0057
428376401,2019-02-04T19:42:14Z,31.80757,28.67906,16.7,329.7,SLK-0079
428376401,2019-02-04T19:57:14Z,31.86384,28.62693,16.8,321.0,SLK-0079
428376401,2019-02-04T20:12:14Z,31.92668,28.57871,17.7,323.4,SLK-0079
428376401,2019-02-04T20:27:14Z,31.9823,28.52913,17.3,319.5,SLK-0079
428376401,2019-02-04T20:42:14Z,32.03841,28.47944,16.7,322.8,SLK-0079
428376401,2019-02-04T20:57:14Z,32.09821,28.42933,16.8,319.5,SLK-0079
428376401,2019-02-04T21:12:14Z,32.15515,28.37709,17.3,327.4,SLK-0079
428405250,2019-10-22T12:40:25Z,32.50498,30.75595,13.3,49.0,SLK-0104
428405250,2019-10-22T12:55:25Z,32.53949,30.80766,12.8,52.0,SLK-0104
428405250,2019-10-22T13:10:25Z,32.57095,30.8594,13.3,58.0,SLK-0104
428405250,2019-10-22T13:25:25Z,32.60536,30.91192,13.2,56.9,SLK-0104
428405250,2019-10-22T13:40:25Z,32.63838,30.96754,12.6,54.9,SLK-0104
428409673,2019-10-26T17:52:17Z,33.26395,32.46508,8.6,280.0,SLK-0120
428409673,2019-10-26T18:07:17Z,33.27807,32.42117,9.1,285.3,SLK-0120
428409673,2019-10-26T18:22:17Z,33.27849,32.37522,8.399999999999999,276.2,SLK-0120
428409673,2019-10-26T18:37:17Z,33.28903,32.33052,9.399999999999999,279.2,SLK-0120
428409673,2019-10-26T18:52:17Z,33.29182,32.28216,9.7,283.5,SLK-0120
428502932,2019-12-08T22:40:23Z,31.97488,33.4508,5.8,23.8,SLK-0112
428502932,2019-12-08T22:55:23Z,32.00305,33.4622,6.0,28.5,SLK-0112
428502932,2019-12-08T23:10:23Z,32.01578,33.47977,5.5,23.9,SLK-0112
428502932,2019-12-08T23:25:23Z,32.04462,33.49001,5.3,17.6,SLK-0112
428502932,2019-12-08T23:40:23Z,32.05777,33.49889,4.7,19.1,SLK-0112
428502932,2019-12-08T23:55:23Z,32.08781,33.50713,5.2,21.0,SLK-0112
428502932,2019-12-09T00:10:23Z,32.10964,33.51771,5.6,22.4,SLK-0112
428502932,2019-12-09T00:25:23Z,32.1246,33.53237,5.7,24.3,SLK-0112
428731105,2019-12-14T09:30:54Z,31.92691,32.28949,10.3,123.0,SLK-0072
428731105,2019-12-14T09:45:54Z,31.90858,32.33346,10.0,123.3,SLK-0072
428731105,2019-12-14T10:00:54Z,31.88193,32.37255,9.600000000000001,120.5,SLK-0072
428731105,2019-12-14T10:15:54Z,31.85652,32.40997,10.100000000000001,123.5,SLK-0072
428731105,2019-12-14T10:30:54Z,31.83719,32.44829,10.600000000000001,124.4,SLK-0072
428731105,2019-12-14T10:45:54Z,31.81173,32.48649,10.4,119.6,SLK-0072
428731105,2019-12-14T11:00:54Z,31.79641,32.53409,9.5,125.3,SLK-0072
428731105,2019-12-14T11:15:54Z,31.77476,32.57075,9.8,118.6,SLK-0072
428793188,2019-12-08T20:11:03Z,32.83058,31.51243,14.0,220.6,SLK-0017
428793188,2019-12-08T20:26:03Z,32.78462,31.4636,14.5,219.5,SLK-0017
428793188,2019-12-08T20:41:03Z,32.74604,31.40777,15.299999999999999,222.6,SLK-0017
428793188,2019-12-08T20:56:03Z,32.69502,31.36617,15.2,225.1,SLK-0017
428793188,2019-12-08T21:11:03Z,32.65865,31.31653,15.399999999999999,219.8,SLK-0017
428793188,2019-12-08T21:26:03Z,32.60983,31.26152,15.299999999999999,222.1,SLK-0017
428793188,2019-12-08T21:41:03Z,32.56292,31.21418,14.299999999999999,224.0,SLK-0017
428793188,2019-12-08T21:56:03Z,32.51831,31.16237,14.899999999999999,217.8,SLK-0017
428793188,2019-12-08T22:11:03Z,32.47667,31.10769,15.1,222.6,SLK-0017
428846666,2019-03-04T04:12:33Z,33.68323,29.9841,16.5,194.6,
428846666,2019-03-04T04:32:33Z,33.59973,29.95119,16.0,198.8,
428846666,2019-03-04T04:52:33Z,33.51624,29.91828,15.200000000000001,194.9,
428846666,2019-03-04T05:12:33Z,33.43274,29.88537,16.1,198.4,
428846666,2019-03-04T05:32:33Z,33.34924,29.85246,16.1,196.3,
428846666,2019-03-04T05:52:33Z,33.26575,29.81955,15.5,193.5,
428846666,2019-03-04T06:12:33Z,33.18225,29.78664,15.100000000000001,191.7,
428846666,2019-03-04T06:32:33Z,33.09875,29.75373,15.200000000000001,196.6,
428846666,2019-03-04T06:52:33Z,33.01526,29.72082,15.8,200.3,
428846666,2019-03-04T07:12:33Z,32.93176,29.68791,15.700000000000001,200.7,
428846666,2019-03-04T07:32:33Z,32.84826,29.655,14.9,200.4,
428846666,2019-03-04T07:52:33Z,32.76477,29.62209,15.100000000000001,196.6,
428995120,2019-11-28T16:38:09Z,32.82445,28.27793,9.1,131.1,
428995120,2019-11-28T16:58:09Z,32.78794,28.32246,9.0,134.7,
428995120,2019-11-28T17:18:09Z,32.75144,28.36699,8.700000000000001,133.3,
428995120,2019-11-28T17:38:09Z,32.71493,28.41152,9.4,131.9,
428995120,2019-11-28T17:58:09Z,32.67842,28.45605,9.8,135.0,
428995120,2019-11-28T18:18:09Z,32.64191,28.50058,8.8,136.8,
428995120,2019-11-28T18:38:09Z,32.60541,28.54511,9.1,135.2,
450020705,2019-05-22T08:04:54Z,33.35744,34.68342,11.799999999999999,44.7,SLK-0066
450020705,2019-05-22T08:19:54Z,33.38833,34.72776,11.5,43.5,SLK-0066
450020705,2019-05-22T08:34:54Z,33.42874,34.7638,11.299999999999999,36.1,SLK-0066
450020705,2019-05-22T08:49:54Z,33.46932,34.8044,11.6,43.4,SLK-0066
450020705,2019-05-22T09:04:54Z,33.5009,34.83897,11.899999999999999,36.8,SLK-0066
450020705,2019-05-22T09:19:54Z,33.5442,34.87495,11.899999999999999,38.5,SLK-0066
450020705,2019-05-22T09:34:54Z,33.57228,34.91779,12.299999999999999,44.1,SLK-0066
450020705,2019-05-22T09:49:54Z,33.61844,34.95515,11.6,38.5,SLK-0066
450032062,2019-06-20T05:19:24Z,33.42442,29.88196,13.6,139.7,SLK-0122
450032062,2019-06-20T05:34:24Z,33.38086,29.93015,13.700000000000001,135.7,SLK-0122
450032062,2019-06-20T05:49:24Z,33.33368,29.96985,13.700000000000001,135.3,SLK-0122
450032062,2019-06-20T06:04:24Z,33.2959,30.00684,13.700000000000001,136.0,SLK-0122
450032062,2019-06-20T06:19:24Z,33.24802,30.04953,14.0,136.2,SLK-0122
450032062,2019-06-20T06:34:24Z,33.20006,30.09227,13.8,145.7,SLK-0122
450032062,2019-06-20T06:49:24Z,33.15795,30.13802,13.5,137.0,SLK-0122
450032062,2019-06-20T07:04:24Z,33.1168,30.18162,13.9,143.4,SLK-0122
450032062,2019-06-20T07:19:24Z,33.0766,30.21881,13.4,143.7,SLK-0122
450065777,2019-03-10T16:38:23Z,31.68964,33.91254,9.0,265.1,
450065777,2019-03-10T16:58:23Z,31.67964,33.85157,8.6,254.7,
450065777,2019-03-10T17:18:23Z,31.66964,33.7906,10.1,260.5,
450065777,2019-03-10T17:38:23Z,31.65965,33.72963,10.4,264.4,
450065777,2019-03-10T17:58:23Z,31.64965,33.66866,9.9,259.5,
450065777,2019-03-10T18:18:23Z,31.63965,33.60769,10.4,261.9,
450065777,2019-03-10T18:38:23Z,31.62965,33.54672,9.5,264.4,
450065777,2019-03-10T18:58:23Z,31.61966,33.48575,9.2,262.9,
450065777,2019-03-10T19:18:23Z,31.60966,33.42477,9.5,256.7,
450353431,2019-05-04T07:05:25Z,32.42193,32.32087,16.900000000000002,205.3,SLK-0020
450353431,2019-05-04T07:20:25Z,32.3575,32.28467,16.400000000000002,202.2,SLK-0020
450353431,2019-05-04T07:35:25Z,32.29654,32.2471,17.3,203.2,SLK-0020
450353431,2019-05-04T07:50:25Z,32.23602,32.20368,16.700000000000003,202.9,SLK-0020
450353431,2019-05-04T08:05:25Z,32.1745,32.17345,16.1,202.4,SLK-0020
450353431,2019-05-04T08:20:25Z,32.10963,32.13348,17.1,207.7,SLK-0020
450353431,2019-05-04T08:35:25Z,32.05177,32.09631,16.8,203.5,SLK-0020
450353431,2019-05-04T08:50:25Z,31.98878,32.05554,16.5,206.2,SLK-0020
450374863,2019-04-17T09:22:59Z,33.96322,34.30668,9.200000000000001,73.0,SLK-0123
450374863,2019-04-17T09:37:59Z,33.97627,34.34808,8.600000000000001,82.1,SLK-0123
450374863,2019-04-17T09:52:59Z,33.98538,34.39423,8.4,75.4,SLK-0123
450374863,2019-04-17T10:07:59Z,33.98956,34.4363,9.0,72.8,SLK-0123
450374863,2019-04-17T10:22:59Z,33.99825,34.47808,8.4,72.5,SLK-0123
450533298,2019-09-09T18:37:12Z,35.45472,35.14547,17.8,17.1,SLK-0029
450533298,2019-09-09T18:52:12Z,35.52954,35.16208,17.6,12.9,SLK-0029
450533298,2019-09-09T19:07:12Z,35.59417,35.17993,17.200000000000003,14.6,SLK-0029
450533298,2019-09-09T19:22:12Z,35.66371,35.20095,16.400000000000002,15.1,SLK-0029
450533298,2019-09-09T19:37:12Z,35.73683,35.21427,17.0,7.9,SLK-0029
450533298,2019-09-09T19:52:12Z,35.80632,35.23396,16.6,13.1,SLK-0029
450533298,2019-09-09T20:07:12Z,35.8787,35.25349,17.0,13.8,SLK-0029
450533298,2019-09-09T20:22:12Z,35.94807,35.26948,16.6,14.1,SLK-0029
450535082,2019-02-11T08:47:19Z,33.53063,32.40549,4.8999999999999995,18.5,SLK-0019
450535082,2019-02-11T09:02:19Z,33.5515,32.41454,4.8,13.0,SLK-0019
450535082,2019-02-11T09:17:19Z,33.56749,32.41432,4.1,12.1,SLK-0019
450535082,2019-02-11T09:32:19Z,33.59504,32.4229,4.6,13.7,SLK-0019
450535082,2019-02-11T09:47:19Z,33.608,32.42709,4.5,12.5,SLK-0019
450535082,2019-02-11T10:02:19Z,33.6262,32.4324,4.3,13.0,SLK-0019
450623522,2019-12-17T00:01:23Z,34.31321,34.07136,4.9,341.3,SLK-0005
450623522,2019-12-17T00:16:23Z,34.32571,34.06887,4.4,343.8,SLK-0005
450623522,2019-12-17T00:31:23Z,34.34623,34.06371,3.7,344.5,SLK-0005
450623522,2019-12-17T00:46:23Z,34.36,34.06197,4.4,340.8,SLK-0005
450623522,2019-12-17T01:01:23Z,34.37922,34.0502,4.5,351.2,SLK-0005
450623522,2019-12-17T01:16:23Z,34.39448,34.04874,3.9000000000000004,344.4,SLK-0005
450623522,2019-12-17T01:31:23Z,34.41376,34.04156,4.2,345.8,SLK-0005
450623522,2019-12-17T01:46:23Z,34.43107,34.03956,4.8,341.9,SLK-0005
450785286,2019-12-16T18:26:44Z,33.10665,34.67647,5.8999999999999995,18.0,SLK-0016
450785286,2019-12-16T18:41:44Z,33.13706,34.68944,7.1,12.8,SLK-0016
450785286,2019-12-16T18:56:44Z,33.16372,34.69267,6.6,12.5,SLK-0016
450785286,2019-12-16T19:11:44Z,33.18245,34.7054,7.199999999999999,16.0,SLK-0016
450785286,2019-12-16T19:26:44Z,33.21043,34.70843,6.1,18.4,SLK-0016
450785286,2019-12-16T19:41:44Z,33.23757,34.71731,7.3999999999999995,20.2,SLK-0016
450785286,2019-12-16T19:56:44Z,33.26374,34.72805,6.6,12.5,SLK-0016
450813298,2019-07-14T06:48:02Z,34.44906,34.95962,7.8999999999999995,123.9,SLK-0086
450813298,2019-07-14T07:03:02Z,34.43446,34.99056,7.799999999999999,128.7,SLK-0086
450813298,2019-07-14T07:18:02Z,34.40832,35.02309,8.2,134.3,SLK-0086
450813298,2019-07-14T07:33:02Z,34.38709,35.05559,7.8999999999999995,135.1,SLK-0086
450813298,2019-07-14T07:48:02Z,34.36149,35.08204,8.7,129.5,SLK-0086
450813298,2019-07-14T08:03:02Z,34.34081,35.11909,8.5,133.7,SLK-0086
450828456,2019-10-08T09:03:42Z,35.01503,31.98182,16.400000000000002,35.6,SLK-0078
450828456,2019-10-08T09:18:42Z,35.06689,32.03986,16.700000000000003,38.6,SLK-0078
450828456,2019-10-08T09:33:42Z,35.11252,32.09762,15.900000000000002,40.3,SLK-0078
450828456,2019-10-08T09:48:42Z,35.17138,32.15495,16.3,39.1,SLK-0078
450828456,2019-10-08T10:03:42Z,35.218,32.20551,16.6,37.5,SLK-0078
450997696,2019-04-20T13:42:15Z,34.73553,30.36749,14.7,28.0,SLK-0057
450997696,2019-04-20T13:57:15Z,34.78709,30.40298,14.1,32.7,SLK-0057
450997696,2019-04-20T14:12:15Z,34.83202,30.44221,15.0,38.0,SLK-0057
450997696,2019-04-20T14:27:15Z,34.88323,30.47977,14.8,34.8,SLK-0057
450997696,2019-04-20T14:42:15Z,34.93659,30.52184,14.2,36.4,SLK-0057
450997696,2019-04-20T14:57:15Z,34.99313,30.55932,14.8,30.3,SLK-0057
538022035,2019-07-05T06:43:32Z,34.18572,34.32774,9.200000000000001,338.5,SLK-0080
538022035,2019-07-05T06:58:32Z,34.22311,34.31404,10.0,347.7,SLK-0080
538022035,2019-07-05T07:13:32Z,34.26466,34.3052,9.3,348.8,SLK-0080
538022035,2019-07-05T07:28:32Z,34.30132,34.28678,9.700000000000001,342.2,SLK-0080
538022035,2019-07-05T07:43:32Z,34.34132,34.27778,9.8,348.3,SLK-0080
538022035,2019-07-05T07:58:32Z,34.3813,34.2591,9.8,341.9,SLK-0080
538022035,2019-07-05T08:13:32Z,34.43027,34.24846,10.1,346.1,SLK-0080
538200880,2019-09-07T00:14:43Z,31.82696,29.99532,13.5,93.7,SLK-0060
538200880,2019-09-07T00:29:43Z,31.81966,30.05794,13.3,87.2,SLK-0060
538200880,2019-09-07T00:44:43Z,31.82305,30.13032,13.1,97.6,SLK-0060
538200880,2019-09-07T00:59:43Z,31.81366,30.18976,14.0,95.4,SLK-0060
538200880,2019-09-07T01:14:43Z,31.81325,30.25671,13.0,96.7,SLK-0060
538200880,2019-09-07T01:29:43Z,31.817,30.32403,13.1,95.1,SLK-0060
538219481,2019-06-06T16:38:52Z,33.82756,27.65183,16.0,95.9,
538219481,2019-06-06T16:58:52Z,33.83055,27.75889,16.8,89.1,
538219481,2019-06-06T17:18:52Z,33.83353,27.86595,15.9,82.3,
538219481,2019-06-06T17:38:52Z,33.83652,27.973,16.2,83.6,
538219481,2019-06-06T17:58:52Z,33.83951,28.08006,16.8,80.3,
538219481,2019-06-06T18:18:52Z,33.84249,28.18712,16.2,85.0,
538219481,2019-06-06T18:38:52Z,33.84548,28.29418,15.7,86.8,
538219481,2019-06-06T18:58:52Z,33.84846,28.40124,15.6,90.4,
538219481,2019-06-06T19:18:52Z,33.85145,28.50829,15.0,95.3,
538219481,2019-06-06T19:38:52Z,33.85444,28.61535,15.7,81.8,
538219481,2019-06-06T19:58:52Z,33.85742,28.72241,16.2,81.9,
538219481,2019-06-06T20:18:52Z,33.86041,28.82947,16.6,88.4,
538244758,2019-02-27T09:58:43Z,32.31556,34.38949,15.799999999999999,163.3,SLK-0004
538244758,2019-02-27T10:13:43Z,32.25604,34.40691,14.799999999999999,165.5,SLK-0004
538244758,2019-02-27T10:28:43Z,32.19523,34.42405,15.1,171.7,SLK-0004
538244758,2019-02-27T10:43:43Z,32.12608,34.4383,15.5,170.1,SLK-0004
538244758,2019-02-27T10:58:43Z,32.07002,34.45476,16.3,166.8,SLK-0004
538244758,2019-02-27T11:13:43Z,32.00114,34.47841,15.2,169.2,SLK-0004
538425177,2019-06-25T12:23:32Z,35.4111,27.60638,12.6,261.2,SLK-0026
538425177,2019-06-25T12:38:32Z,35.406,27.54563,12.799999999999999,267.3,SLK-0026
538425177,2019-06-25T12:53:32Z,35.39511,27.48001,12.4,258.8,SLK-0026
538425177,2019-06-25T13:08:32Z,35.39485,27.41957,12.299999999999999,269.8,SLK-0026
538425177,2019-06-25T13:23:32Z,35.38391,27.34633,13.1,260.3,SLK-0026
538437716,2019-10-08T08:18:42Z,35.41332,32.9359,16.3,257.4,SLK-0078
538437716,2019-10-08T08:33:42Z,35.3979,32.84641,17.0,253.3,SLK-0078
538437716,2019-10-08T08:48:42Z,35.38064,32.77132,16.4,259.9,SLK-0078
538437716,2019-10-08T09:03:42Z,35.36182,32.68588,17.5,253.3,SLK-0078
538437716,2019-10-08T09:18:42Z,35.3453,32.59604,17.1,251.4,SLK-0078
538437716,2019-10-08T09:33:42Z,35.32936,32.51516,16.6,255.8,SLK-0078
538437716,2019-10-08T09:48:42Z,35.30986,32.43245,17.1,257.8,SLK-0078
538437716,2019-10-08T10:03:42Z,35.2874,32.34676,16.7,254.3,SLK-0078
538476219,2019-09-22T02:01:04Z,35.18999,34.84173,9.1,328.4,SLK-0051
538476219,2019-09-22T02:16:04Z,35.22651,34.81515,8.6,324.0,SLK-0051
538476219,2019-09-22T02:31:04Z,35.26219,34.78882,9.5,330.9,SLK-0051
538476219,2019-09-22T02:46:04Z,35.29374,34.76074,9.4,324.0,SLK-0051
538476219,2019-09-22T03:01:04Z,35.3186,34.72716,9.3,328.2,SLK-0051
538509058,2019-12-17T00:31:23Z,34.87647,34.02942,17.099999999999998,183.5,SLK-0005
538509058,2019-12-17T00:46:23Z,34.80905,34.03068,16.599999999999998,181.6,SLK-0005
538509058,2019-12-17T01:01:23Z,34.73681,34.0309,17.0,180.8,SLK-0005
538509058,2019-12-17T01:16:23Z,34.66655,34.02803,16.8,176.9,SLK-0005
538509058,2019-12-17T01:31:23Z,34.59454,34.03271,17.599999999999998,180.0,SLK-0005
538509058,2019-12-17T01:46:23Z,34.51539,34.03422,16.7,180.1,SLK-0005
538874626,2019-11-28T06:16:59Z,35.54314,33.12655,7.6000000000000005,98.1,SLK-0069
538874626,2019-11-28T06:31:59Z,35.53987,33.16956,8.3,105.0,SLK-0069
538874626,2019-11-28T06:46:59Z,35.52788,33.21156,8.3,102.5,SLK-0069
538874626,2019-11-28T07:01:59Z,35.52346,33.24897,8.3,106.9,SLK-0069
538874626,2019-11-28T07:16:59Z,35.51752,33.29579,8.200000000000001,107.8,SLK-0069
538874626,2019-11-28T07:31:59Z,35.501,33.3378,7.800000000000001,99.8,SLK-0069
538874626,2019-11-28T07:46:59Z,35.50261,33.37862,8.3,102.5,SLK-0069
538874626,2019-11-28T08:01:59Z,35.48764,33.41902,7.800000000000001,107.9,SLK-0069
538874626,2019-11-28T08:16:59Z,35.48217,33.45281,8.0,100.5,SLK-0069
538889708,2019-11-12T00:27:32Z,32.51471,30.64658,15.6,213.0,SLK-0109
538889708,2019-11-12T00:42:32Z,32.46807,30.60887,14.9,217.3,SLK-0109
538889708,2019-11-12T00:57:32Z,32.41845,30.55976,14.3,221.2,SLK-0109
538889708,2019-11-12T01:12:32Z,32.36705,30.51417,14.5,218.4,SLK-0109
538889708,2019-11-12T01:27:32Z,32.31536,30.46864,15.1,213.4,SLK-0109
538889708,2019-11-12T01:42:32Z,32.26708,30.42418,14.7,220.6,SLK-0109
538889708,2019-11-12T01:57:32Z,32.21666,30.37845,15.1,218.1,SLK-0109
538889708,2019-11-12T02:12:32Z,32.17094,30.33868,15.5,213.1,SLK-0109
538899874,2019-11-28T16:38:09Z,32.9164,33.79509,10.5,347.0,
538899874,2019-11-28T16:58:09Z,32.97057,33.77095,10.700000000000001,340.8,
538899874,2019-11-28T17:18:09Z,33.02475,33.7468,11.0,333.3,
538899874,2019-11-28T17:38:09Z,33.07892,33.72266,10.5,343.7,
538899874,2019-11-28T17:58:09Z,33.13309,33.69852,11.200000000000001,339.5,
538899874,2019-11-28T18:18:09Z,33.18727,33.67437,10.700000000000001,343.4,
538899874,2019-11-28T18:38:09Z,33.24144,33.65023,9.5,332.7,
538953390,2019-12-08T23:10:23Z,32.20142,33.74703,7.1000000000000005,254.4,SLK-0112
538953390,2019-12-08T23:25:23Z,32.19248,33.70948,7.0,250.8,SLK-0112
538953390,2019-12-08T23:40:23Z,32.18099,33.67707,7.0,248.4,SLK-0112
538953390,2019-12-08T23:55:23Z,32.17073,33.64005,7.1000000000000005,254.5,SLK-0112
538953390,2019-12-09T00:10:23Z,32.16893,33.60452,7.9,255.2,SLK-0112
538953390,2019-12-09T00:25:23Z,32.1544,33.57508,8.0,257.7,SLK-0112
622061981,2019-05-10T00:47:03Z,32.73275,33.865,16.799999999999997,49.9,SLK-0008
622061981,2019-05-10T01:02:03Z,32.77967,33.92862,16.9,52.7,SLK-0008
622061981,2019-05-10T01:17:03Z,32.82163,34.00014,18.2,47.5,SLK-0008
622061981,2019-05-10T01:32:03Z,32.87525,34.06065,17.0,51.6,SLK-0008
622061981,2019-05-10T01:47:03Z,32.91976,34.12393,17.299999999999997,52.0,SLK-0008
622072391,2019-07-17T17:53:44Z,34.59492,35.06773,8.200000000000001,230.6,SLK-0106
622072391,2019-07-17T18:08:44Z,34.5633,35.04075,8.200000000000001,231.7,SLK-0106
622072391,2019-07-17T18:23:44Z,34.54812,35.01647,8.4,226.9,SLK-0106
622072391,2019-07-17T18:38:44Z,34.52518,34.9865,8.4,230.0,SLK-0106
622072391,2019-07-17T18:53:44Z,34.49444,34.9529,8.5,223.7,SLK-0106
622072391,2019-07-17T19:08:44Z,34.47759,34.92795,7.2,226.4,SLK-0106
622072391,2019-07-17T19:23:44Z,34.45022,34.89393,8.200000000000001,228.0,SLK-0106
622072391,2019-07-17T19:38:44Z,34.42594,34.86565,8.0,223.3,SLK-0106
622072391,2019-07-17T19:53:44Z,34.4095,34.84158,7.2,223.8,SLK-0106
622090515,2019-08-13T09:09:48Z,34.7462,29.36551,13.799999999999999,206.4,SLK-0089
622090515,2019-08-13T09:24:48Z,34.69189,29.33998,13.799999999999999,195.9,SLK-0089
622090515,2019-08-13T09:39:48Z,34.64049,29.31788,13.6,205.2,SLK-0089
622090515,2019-08-13T09:54:48Z,34.59537,29.29682,12.899999999999999,204.7,SLK-0089
622090515,2019-08-13T10:09:48Z,34.54223,29.26841,13.1,198.5,SLK-0089
622090515,2019-08-13T10:24:48Z,34.4949,29.24523,13.2,199.3,SLK-0089
622090515,2019-08-13T10:39:48Z,34.4374,29.22086,13.7,203.6,SLK-0089
622189657,2019-10-27T01:07:23Z,31.90735,31.75995,6.2,88.3,SLK-0124
622189657,2019-10-27T01:22:23Z,31.90805,31.79136,5.7,90.8,SLK-0124
622189657,2019-10-27T01:37:23Z,31.91023,31.82316,6.2,86.0,SLK-0124
622189657,2019-10-27T01:52:23Z,31.91936,31.85784,6.1,82.3,SLK-0124
622189657,2019-10-27T02:07:23Z,31.91752,31.88819,6.0,85.3,SLK-0124
622189657,2019-10-27T02:22:23Z,31.9213,31.91773,6.1,89.3,SLK-0124
622189657,2019-10-27T02:37:23Z,31.92154,31.9435,5.8,91.6,SLK-0124
622219349,2019-09-01T00:28:17Z,32.05357,29.27707,10.1,243.6,SLK-0077
622219349,2019-09-01T00:43:17Z,32.04279,29.23517,9.1,247.8,SLK-0077
622219349,2019-09-01T00:58:17Z,32.0196,29.19892,9.5,245.0,SLK-0077
622219349,2019-09-01T01:13:17Z,32.01096,29.1493,9.5,242.5,SLK-0077
622219349,2019-09-01T01:28:17Z,31.9878,29.11069,10.2,249.0,SLK-0077
622219349,2019-09-01T01:43:17Z,31.97477,29.06432,9.6,249.7,SLK-0077
622284929,2019-08-31T21:43:51Z,32.56201,31.07793,7.5,284.8,SLK-0101
622284929,2019-08-31T21:58:51Z,32.57413,31.04743,7.4,285.0,SLK-0101
622284929,2019-08-31T22:13:51Z,32.57808,31.01586,7.3,292.0,SLK-0101
622284929,2019-08-31T22:28:51Z,32.59243,30.98303,7.5,285.2,SLK-0101
622284929,2019-08-31T22:43:51Z,32.59957,30.94118,8.0,285.6,SLK-0101
622284929,2019-08-31T22:58:51Z,32.60685,30.90832,7.6000000000000005,290.5,SLK-0101
622284929,2019-08-31T23:13:51Z,32.61452,30.87922,6.5,283.4,SLK-0101
622284929,2019-08-31T23:28:51Z,32.62622,30.83922,7.3,287.6,SLK-0101
622284929,2019-08-31T23:43:51Z,32.63583,30.80213,7.1000000000000005,291.0,SLK-0101
622336426,2019-08-23T16:38:47Z,32.39772,30.8791,6.1,179.3,
622336426,2019-08-23T16:58:47Z,32.35841,30.88358,7.5,169.1,
622336426,2019-08-23T17:18:47Z,32.31911,30.88806,6.699999999999999,179.3,
622336426,2019-08-23T17:38:47Z,32.2798,30.89254,6.199999999999999,175.5,
622336426,2019-08-23T17:58:47Z,32.2405,30.89703,7.199999999999999,170.8,
622336426,2019-08-23T18:18:47Z,32.20119,30.90151,7.8999999999999995,174.7,
622336426,2019-08-23T18:38:47Z,32.16189,30.90599,6.1,171.7,
622336426,2019-08-23T18:58:47Z,32.12258,30.91047,8.0,181.2,
622336426,2019-08-23T19:18:47Z,32.08328,30.91495,6.1,178.8,
622336426,2019-08-23T19:38:47Z,32.04397,30.91943,7.199999999999999,174.7,
622336426,2019-08-23T19:58:47Z,32.00467,30.92391,7.8,167.1,
622336426,2019-08-23T20:18:47Z,31.96536,30.9284,6.699999999999999,172.5,
622354642,2019-04-17T11:41:46Z,34.53461,29.78062,16.099999999999998,346.2,SLK-0039
622354642,2019-04-17T11:56:46Z,34.60075,29.77035,17.599999999999998,350.4,SLK-0039
622354642,2019-04-17T12:11:46Z,34.6769,29.74539,16.799999999999997,346.7,SLK-0039
622354642,2019-04-17T12:26:46Z,34.74304,29.73061,16.5,349.4,SLK-0039
622354642,2019-04-17T12:41:46Z,34.81514,29.70316,16.599999999999998,351.0,SLK-0039
622354642,2019-04-17T12:56:46Z,34.87468,29.68362,17.4,347.8,SLK-0039
622449662,2019-05-10T00:17:03Z,32.79099,34.2231,5.4,346.6,SLK-0008
622449662,2019-05-10T00:32:03Z,32.81511,34.22089,5.5,353.7,SLK-0008
622449662,2019-05-10T00:47:03Z,32.84011,34.2184,6.7,346.5,SLK-0008
622449662,2019-05-10T01:02:03Z,32.8642,34.21322,6.4,348.8,SLK-0008
622449662,2019-05-10T01:17:03Z,32.88989,34.21123,5.6000000000000005,349.8,SLK-0008
622449662,2019-05-10T01:32:03Z,32.91702,34.2032,5.800000000000001,351.8,SLK-0008
622449662,2019-05-10T01:47:03Z,32.94555,34.20439,5.7,345.9,SLK-0008
622449837,2019-12-08T21:11:03Z,32.39596,31.22698,7.8,279.7,SLK-0017
622449837,2019-12-08T21:26:03Z,32.4037,31.19309,6.8999999999999995,290.0,SLK-0017
622449837,2019-12-08T21:41:03Z,32.41011,31.16698,7.8999999999999995,286.4,SLK-0017
622449837,2019-12-08T21:56:03Z,32.41156,31.1343,6.3999999999999995,285.1,SLK-0017
622449837,2019-12-08T22:11:03Z,32.42513,31.10094,7.8,281.4,SLK-0017
622460174,2019-11-28T16:38:09Z,34.69728,29.2495,15.399999999999999,241.2,
622460174,2019-11-28T16:58:09Z,34.66122,29.1565,15.799999999999999,244.1,
622460174,2019-11-28T17:18:09Z,34.62517,29.0635,14.299999999999999,251.4,
622460174,2019-11-28T17:38:09Z,34.58911,28.9705,16.2,246.2,
622460174,2019-11-28T17:58:09Z,34.55306,28.8775,15.1,237.9,
622460174,2019-11-28T18:18:09Z,34.517,28.78451,16.099999999999998,238.0,
622460174,2019-11-28T18:38:09Z,34.48095,28.69151,15.7,244.4,
622460174,2019-11-28T18:58:09Z,34.44489,28.59851,14.7,247.8,
622460174,2019-11-28T19:18:09Z,34.40884,28.50551,14.399999999999999,238.8,
622460174,2019-11-28T19:38:09Z,34.37278,28.41251,15.6,246.6,
622517171,2019-11-08T22:37:13Z,33.35479,31.39835,12.6,11.4,SLK-0021
622517171,2019-11-08T22:52:13Z,33.41337,31.4119,13.6,13.9,SLK-0021
622517171,2019-11-08T23:07:13Z,33.471,31.41822,13.0,13.7,SLK-0021
622517171,2019-11-08T23:22:13Z,33.52345,31.43573,13.6,9.2,SLK-0021
622517171,2019-11-08T23:37:13Z,33.5775,31.44205,13.1,11.9,SLK-0021
622517171,2019-11-08T23:52:13Z,33.63177,31.45017,13.0,15.4,SLK-0021
622601277,2019-10-17T22:28:34Z,32.28821,31.76156,12.899999999999999,238.1,SLK-0068
622601277,2019-10-17T22:43:34Z,32.25914,31.70774,13.799999999999999,243.0,SLK-0068
622601277,2019-10-17T22:58:34Z,32.22486,31.64503,13.899999999999999,234.7,SLK-0068
622601277,2019-10-17T23:13:34Z,32.2017,31.59135,12.6,233.0,SLK-0068
622601277,2019-10-17T23:28:34Z,32.16629,31.54034,12.6,231.8,SLK-0068
622601277,2019-10-17T23:43:34Z,32.1384,31.48049,13.6,233.8,SLK-0068
622605735,2019-03-10T08:43:26Z,34.36136,28.534,7.5,50.0,SLK-0034
622605735,2019-03-10T08:58:26Z,34.37479,28.56395,6.8,51.9,SLK-0034
622605735,2019-03-10T09:13:26Z,34.39136,28.59787,6.5,56.3,SLK-0034
622605735,2019-03-10T09:28:26Z,34.41257,28.61836,6.1,49.7,SLK-0034
622605735,2019-03-10T09:43:26Z,34.43051,28.65443,6.6,54.6,SLK-0034
622651631,2019-08-31T22:43:51Z,32.71751,30.86004,5.6,222.8,SLK-0101
622651631,2019-08-31T22:58:51Z,32.70112,30.84812,5.2,227.9,SLK-0101
622651631,2019-08-31T23:13:51Z,32.68675,30.83028,5.0,223.6,SLK-0101
622651631,2019-08-31T23:28:51Z,32.67296,30.80381,4.9,227.7,SLK-0101
622651631,2019-08-31T23:43:51Z,32.65466,30.78975,5.5,226.7,SLK-0101
622681378,2019-10-08T13:24:56Z,34.21811,31.8783,12.1,281.3,SLK-0084
622681378,2019-10-08T13:39:56Z,34.2174,31.81887,11.6,272.3,SLK-0084
622681378,2019-10-08T13:54:56Z,34.22701,31.76192,11.5,273.4,SLK-0084
622681378,2019-10-08T14:09:56Z,34.22808,31.69942,11.299999999999999,277.7,SLK-0084
622681378,2019-10-08T14:24:56Z,34.23317,31.64531,12.0,281.4,SLK-0084
622681378,2019-10-08T14:39:56Z,34.23477,31.58364,12.1,276.1,SLK-0084
622681378,2019-10-08T14:54:56Z,34.23864,31.52814,11.1,272.1,SLK-0084
622681378,2019-10-08T15:09:56Z,34.24619,31.4732,12.1,278.6,SLK-0084
622895805,2019-05-09T20:52:50Z,32.19304,32.65884,15.6,149.0,SLK-0064
622895805,2019-05-09T21:07:50Z,32.13995,32.68582,14.7,152.9,SLK-0064
622895805,2019-05-09T21:22:50Z,32.08658,32.72574,14.7,147.9,SLK-0064
622895805,2019-05-09T21:37:50Z,32.03408,32.76301,14.9,146.0,SLK-0064
622895805,2019-05-09T21:52:50Z,31.97674,32.79962,14.8,148.3,SLK-0064
622948156,2019-02-14T19:28:26Z,34.00071,30.6227,9.1,197.2,SLK-0059
622948156,2019-02-14T19:43:26Z,33.95423,30.61716,9.3,192.6,SLK-0059
622948156,2019-02-14T19:58:26Z,33.91495,30.61013,9.5,192.0,SLK-0059
622948156,2019-02-14T20:13:26Z,33.8845,30.59385,9.8,190.3,SLK-0059
622948156,2019-02-14T20:28:26Z,33.84701,30.5932,9.3,197.4,SLK-0059
622948156,2019-02-14T20:43:26Z,33.80298,30.57934,9.200000000000001,188.3,SLK-0059
622948156,2019-02-14T20:58:26Z,33.77052,30.56929,9.700000000000001,191.9,SLK-0059
622948156,2019-02-14T21:13:26Z,33.7309,30.56382,9.6,193.1,SLK-0059
622999812,2019-10-22T12:40:25Z,32.45606,31.13185,11.6,338.6,SLK-0104
622999812,2019-10-22T12:55:25Z,32.50291,31.11344,11.299999999999999,330.6,SLK-0104
622999812,2019-10-22T13:10:25Z,32.54239,31.08714,11.799999999999999,334.0,SLK-0104
622999812,2019-10-22T13:25:25Z,32.58272,31.06621,11.7,338.7,SLK-0104
622999812,2019-10-22T13:40:25Z,32.63167,31.0448,10.5,338.1,SLK-0104
636016113,2019-03-28T11:03:54Z,35.76922,29.04076,15.5,262.8,SLK-0107
636016113,2019-03-28T11:18:54Z,35.76884,28.96008,16.5,269.8,SLK-0107
636016113,2019-03-28T11:33:54Z,35.75982,28.87695,16.7,260.1,SLK-0107
636016113,2019-03-28T11:48:54Z,35.75506,28.79118,15.7,260.7,SLK-0107
636016113,2019-03-28T12:03:54Z,35.74874,28.70877,16.9,262.2,SLK-0107
636233364,2019-04-13T16:38:42Z,32.90585,29.66371,14.9,135.8,
636233364,2019-04-13T16:58:42Z,32.84312,29.72407,15.0,147.2,
636233364,2019-04-13T17:18:42Z,32.78039,29.78443,15.1,138.9,
636233364,2019-04-13T17:38:42Z,32.71766,29.84479,13.6,142.0,
636233364,2019-04-13T17:58:42Z,32.65493,29.90515,14.3,137.9,
636233364,2019-04-13T18:18:42Z,32.59219,29.96551,14.6,136.0,
636233364,2019-04-13T18:38:42Z,32.52946,30.02587,14.7,134.7,
636233364,2019-04-13T18:58:42Z,32.46673,30.08623,15.0,139.0,
636233364,2019-04-13T19:18:42Z,32.404,30.14659,14.7,148.1,
636233364,2019-04-13T19:38:42Z,32.34127,30.20695,15.0,134.2,
636300684,2019-07-17T21:22:17Z,35.25523,26.86323,12.399999999999999,97.1,SLK-0061
636300684,2019-07-17T21:37:17Z,35.25315,26.93076,11.5,89.9,SLK-0061
636300684,2019-07-17T21:52:17Z,35.24328,26.98596,12.799999999999999,92.9,SLK-0061
636300684,2019-07-17T22:07:17Z,35.24248,27.05135,13.0,94.1,SLK-0061
636300684,2019-07-17T22:22:17Z,35.23241,27.10974,11.5,99.1,SLK-0061
636300684,2019-07-17T22:37:17Z,35.23646,27.17339,12.0,95.6,SLK-0061
636300684,2019-07-17T22:52:17Z,35.22527,27.24261,12.5,99.5,SLK-0061
636300684,2019-07-17T23:07:17Z,35.22021,27.29981,11.7,96.2,SLK-0061
636300684,2019-07-17T23:22:17Z,35.21969,27.35951,11.6,93.8,SLK-0061
636314762,2019-01-13T06:43:53Z,34.08592,28.51545,17.3,276.8,SLK-0130
636314762,2019-01-13T06:58:53Z,34.09433,28.42088,17.400000000000002,268.2,SLK-0130
636314762,2019-01-13T07:13:53Z,34.0965,28.3372,17.0,269.0,SLK-0130
636314762,2019-01-13T07:28:53Z,34.09447,28.24247,18.5,272.7,SLK-0130
636314762,2019-01-13T07:43:53Z,34.09514,28.15873,17.5,271.9,SLK-0130
636314762,2019-01-13T07:58:53Z,34.09797,28.06332,18.3,272.8,SLK-0130
636314762,2019-01-13T08:13:53Z,34.09832,27.98135,17.1,265.9,SLK-0130
636420932,2019-05-22T08:04:54Z,33.37995,35.01288,7.6,0.1,SLK-0066
636420932,2019-05-22T08:19:54Z,33.41592,35.01324,7.699999999999999,358.3,SLK-0066
636420932,2019-05-22T08:34:54Z,33.44659,35.00463,8.299999999999999,356.5,SLK-0066
636420932,2019-05-22T08:49:54Z,33.48486,35.00273,7.699999999999999,359.4,SLK-0066
636420932,2019-05-22T09:04:54Z,33.50979,35.00018,7.699999999999999,351.2,SLK-0066
636420932,2019-05-22T09:19:54Z,33.5509,34.9982,8.7,358.3,SLK-0066
636420932,2019-05-22T09:34:54Z,33.57926,35.00216,8.6,356.7,SLK-0066
636420932,2019-05-22T09:49:54Z,33.61798,34.9963,7.999999999999999,352.7,SLK-0066
636464337,2019-09-15T10:33:00Z,34.5216,29.7903,14.8,127.5,SLK-0088
636464337,2019-09-15T10:48:00Z,34.48724,29.85695,15.6,134.6,SLK-0088
636464337,2019-09-15T11:03:00Z,34.44918,29.91658,15.8,131.2,SLK-0088
636464337,2019-09-15T11:18:00Z,34.40178,29.96911,15.6,131.4,SLK-0088
636464337,2019-09-15T11:33:00Z,34.3662,30.03363,15.8,129.7,SLK-0088
636464337,2019-09-15T11:48:00Z,34.32043,30.0993,14.6,131.1,SLK-0088
636623223,2019-12-16T23:46:23Z,34.63907,33.73962,7.699999999999999,131.9,SLK-0005
636623223,2019-12-17T00:01:23Z,34.61685,33.76963,8.799999999999999,134.2,SLK-0005
636623223,2019-12-17T00:16:23Z,34.59483,33.80178,7.799999999999999,131.1,SLK-0005
636623223,2019-12-17T00:31:23Z,34.57902,33.83817,8.399999999999999,123.0,SLK-0005
636623223,2019-12-17T00:46:23Z,34.55472,33.86724,7.999999999999999,123.4,SLK-0005
636623223,2019-12-17T01:01:23Z,34.53096,33.90096,8.799999999999999,131.9,SLK-0005
636623223,2019-12-17T01:16:23Z,34.51646,33.93327,8.399999999999999,127.4,SLK-0005
636623223,2019-12-17T01:31:23Z,34.48662,33.96602,8.6,126.2,SLK-0005
636623223,2019-12-17T01:46:23Z,34.4675,33.99793,8.899999999999999,124.0,SLK-0005
636627750,2019-09-09T18:52:12Z,35.97443,34.77357,14.4,82.0,SLK-0029
636627750,2019-09-09T19:07:12Z,35.9783,34.84263,15.1,88.6,SLK-0029
636627750,2019-09-09T19:22:12Z,35.98496,34.91696,13.9,89.6,SLK-0029
636627750,2019-09-09T19:37:12Z,35.99287,34.99412,13.8,85.5,SLK-0029
636627750,2019-09-09T19:52:12Z,35.99874,35.06168,13.6,84.6,SLK-0029
636627750,2019-09-09T20:07:12Z,36.00728,35.13731,14.200000000000001,78.0,SLK-0029
636627750,2019-09-09T20:22:12Z,36.01151,35.20927,14.700000000000001,81.6,SLK-0029
636772987,2019-07-09T17:50:01Z,34.60331,31.09131,11.6,102.3,SLK-0113
636772987,2019-07-09T18:05:01Z,34.59676,31.15006,12.0,93.3,SLK-0113
636772987,2019-07-09T18:20:01Z,34.58514,31.20698,11.2,102.0,SLK-0113
636772987,2019-07-09T18:35:01Z,34.57966,31.25579,11.799999999999999,93.9,SLK-0113
636772987,2019-07-09T18:50:01Z,34.56977,31.31738,10.799999999999999,98.7,SLK-0113
636772987,2019-07-09T19:05:01Z,34.56366,31.36983,11.0,101.8,SLK-0113
636772987,2019-07-09T19:20:01Z,34.55964,31.42467,10.7,101.9,SLK-0113
636800431,2019-05-19T13:44:47Z,32.47049,33.39969,4.1000000000000005,102.4,SLK-0110
636800431,2019-05-19T13:59:47Z,32.46353,33.41455,4.2,98.6,SLK-0110
636800431,2019-05-19T14:14:47Z,32.459,33.44111,4.2,96.7,SLK-0110
636800431,2019-05-19T14:29:47Z,32.46355,33.4623,4.0,100.6,SLK-0110
636800431,2019-05-19T14:44:47Z,32.4594,33.47634,3.6,100.6,SLK-0110
636800431,2019-05-19T14:59:47Z,32.45533,33.50217,5.0,97.6,SLK-0110
636800431,2019-05-19T15:14:47Z,32.44977,33.51977,4.7,104.4,SLK-0110
636824267,2019-07-17T22:22:17Z,35.14355,27.24183,7.9,64.4,SLK-0061
636824267,2019-07-17T22:37:17Z,35.16392,27.27928,8.3,69.7,SLK-0061
636824267,2019-07-17T22:52:17Z,35.17071,27.31159,8.0,64.9,SLK-0061
636824267,2019-07-17T23:07:17Z,35.19125,27.35051,7.9,67.4,SLK-0061
636824267,2019-07-17T23:22:17Z,35.19829,27.38386,8.1,67.9,SLK-0061
636910581,2019-07-10T04:12:20Z,34.01742,34.88901,17.1,134.8,
636910581,2019-07-10T04:32:20Z,33.95797,34.9698,15.700000000000001,126.3,
636910581,2019-07-10T04:52:20Z,33.89853,35.05058,16.0,131.2,
636910581,2019-07-10T05:12:20Z,33.83908,35.13137,16.700000000000003,125.2,
636910581,2019-07-10T05:32:20Z,33.77963,35.21215,16.8,134.0,
636910581,2019-07-10T05:52:20Z,33.72019,35.29294,16.3,137.2,
636910581,2019-07-10T06:12:20Z,33.66074,35.37372,15.3,130.8,
636910581,2019-07-10T06:32:20Z,33.60129,35.45451,16.900000000000002,135.0,
636910581,2019-07-10T06:52:20Z,33.54185,35.53529,16.200000000000003,125.9,
636910581,2019-07-10T07:12:20Z,33.4824,35.61608,16.400000000000002,134.3,
636910581,2019-07-10T07:32:20Z,33.42295,35.69686,15.400000000000002,134.0,
636910581,2019-07-10T07:52:20Z,33.36351,35.77765,16.400000000000002,131.3,
636966145,2019-02-04T19:57:14Z,32.36008,28.5793,10.7,237.2,SLK-0079
636966145,2019-02-04T20:12:14Z,32.333,28.53141,10.799999999999999,232.5,SLK-0079
636966145,2019-02-04T20:27:14Z,32.30985,28.49473,10.1,234.3,SLK-0079
636966145,2019-02-04T20:42:14Z,32.28624,28.4517,9.5,231.0,SLK-0079
636966145,2019-02-04T20:57:14Z,32.26084,28.41426,9.5,241.0,SLK-0079
636966145,2019-02-04T21:12:14Z,32.24061,28.37194,10.7,233.1,SLK-0079
