id,timestamp,sensor,scene_id,region,sub_region,class,detection_confidence,slick_confidence,area_km2,age_estimate_hours,centroid_lat,centroid_lon,polygon_wkt,hitl_reviewed
SLK-0130,2019-01-13T16:39:05Z,Sentinel-1B,Sentinel1B_20190113_163905_323,Eastern Mediterranean Sea,full_coverage,coincident_vessel,0.784,0.788,9.066,81.7,34.10564,27.88715,"POLYGON((27.90517 34.10699, 27.89842 34.12097, 27.87457 34.11999, 27.86894 34.10566, 27.87769 34.0878, 27.89594 34.09099, 27.90517 34.10699))",False
SLK-0045,2019-01-13T16:39:43Z,Sentinel-1B,Sentinel1B_20190113_163943_231,Eastern Mediterranean Sea,dense_oil_zone,natural_seep,0.981,0.522,2.866,51.0,31.78304,30.37103,"POLYGON((30.38108 31.78413, 30.37803 31.78722, 30.37361 31.78959, 30.363 31.7917, 30.36434 31.78586, 30.36304 31.77993, 30.36729 31.77573, 30.37241 31.77703, 30.38105 31.77615, 30.38108 31.78413))",True
SLK-0006,2019-01-13T16:40:38Z,Sentinel-1B,Sentinel1B_20190113_164038_769,Eastern Mediterranean Sea,full_coverage,recent_vessel,0.854,0.794,21.953,10.8,35.87661,32.72804,"POLYGON((32.76345 35.87976, 32.74913 35.89058, 32.73858 35.90388, 32.71634 35.89776, 32.69251 35.88334, 32.70277 35.87202, 32.71323 35.8521, 32.73188 35.85185, 32.75544 35.85745, 32.76345 35.87976))",False
SLK-0035,2019-01-17T16:36:53Z,Sentinel-1A,Sentinel1A_20190117_163653_454,Eastern Mediterranean Sea,full_coverage,recent_vessel,0.888,0.83,12.093,84.9,36.32046,30.75694,"POLYGON((30.78128 36.31921, 30.7687 36.33443, 30.74445 36.33658, 30.74147 36.32166, 30.74768 36.30941, 30.76552 36.3087, 30.78128 36.31921))",False
SLK-0090,2019-02-01T04:09:59Z,Sentinel-1A,Sentinel1A_20190201_040959_256,Eastern Mediterranean Sea,full_coverage,recent_vessel,0.939,0.853,20.91,33.0,35.04228,34.69278,"POLYGON((34.71994 35.0397, 34.70657 35.06145, 34.68838 35.07035, 34.66053 35.0562, 34.66967 35.03621, 34.68558 35.0132, 34.70969 35.02698, 34.71994 35.0397))",False
SLK-0055,2019-02-01T04:15:26Z,Sentinel-1A,Sentinel1A_20190201_041526_758,Eastern Mediterranean Sea,dense_oil_zone,old_vessel,0.933,0.515,7.516,16.6,32.96773,33.65015,"POLYGON((33.66433 32.96817, 33.66226 32.9764, 33.64829 32.98515, 33.6372 32.97741, 33.63568 32.96867, 33.63523 32.95739, 33.65064 32.95541, 33.65943 32.96119, 33.66433 32.96817))",False
SLK-0062,2019-02-05T04:11:06Z,Sentinel-1B,Sentinel1B_20190205_041106_428,Eastern Mediterranean Sea,dense_oil_zone,ambiguous,0.889,0.387,19.972,9.7,32.10233,33.41138,"POLYGON((33.43685 32.10313, 33.43897 32.11701, 33.41423 32.11858, 33.39397 32.12591, 33.38058 32.11174, 33.38305 32.09579, 33.39463 32.07792, 33.41673 32.08564, 33.43091 32.08439, 33.43685 32.10313))",False
SLK-0079,2019-02-05T04:11:38Z,Sentinel-1B,Sentinel1B_20190205_041138_284,Eastern Mediterranean Sea,full_coverage,coincident_vessel,0.701,0.681,15.295,67.4,32.21731,28.32693,"POLYGON((28.34787 32.21602, 28.33972 32.22771, 28.32242 32.23143, 28.30193 32.23135, 28.30769 32.20885, 28.31882 32.19764, 28.34008 32.20683, 28.34787 32.21602))",False
SLK-0118,2019-02-05T04:12:41Z,Sentinel-1B,Sentinel1B_20190205_041241_106,Eastern Mediterranean Sea,full_coverage,recent_vessel,0.899,0.795,13.05,40.0,34.69494,28.66201,"POLYGON((28.68462 34.69382, 28.674 34.70771, 28.6502 34.71423, 28.64194 34.69472, 28.65118 34.68298, 28.67422 34.6736, 28.68462 34.69382))",False
SLK-0019,2019-02-11T16:39:31Z,Sentinel-1B,Sentinel1B_20190211_163931_428,Eastern Mediterranean Sea,dense_oil_zone,coincident_vessel,0.75,0.78,19.923,63.7,33.64855,32.4419,"POLYGON((32.4692 33.65168, 32.4557 33.6649, 32.43873 33.66697, 32.41598 33.65632, 32.4099 33.63736, 32.43461 33.63076, 32.45316 33.6357, 32.4692 33.65168))",False
SLK-0059,2019-02-15T04:12:50Z,Sentinel-1B,Sentinel1B_20190215_041250_557,Eastern Mediterranean Sea,dense_oil_zone,old_vessel,0.747,0.586,10.605,67.4,33.68949,30.55066,"POLYGON((30.56936 33.68967, 30.56424 33.70608, 30.53638 33.70572, 30.53328 33.68777, 30.5377 33.67286, 30.56218 33.67312, 30.56936 33.68967))",False
SLK-0056,2019-02-23T04:10:02Z,Sentinel-1B,Sentinel1B_20190223_041002_573,Eastern Mediterranean Sea,dense_oil_zone,recent_vessel,0.781,0.704,18.146,86.6,32.15993,32.35542,"POLYGON((32.37411 32.15825, 32.36613 32.17287, 32.3469 32.17965, 32.33752 32.17019, 32.33334 32.14789, 32.34679 32.13988, 32.36888 32.14863, 32.37411 32.15825))",True
SLK-0004,2019-02-27T16:35:19Z,Sentinel-1B,Sentinel1B_20190227_163519_944,Eastern Mediterranean Sea,dense_oil_zone,coincident_vessel,0.916,0.66,6.49,51.1,31.93942,34.4925,"POLYGON((34.50322 31.93955, 34.50252 31.95021, 34.48535 31.9535, 34.4764 31.93828, 34.48173 31.92555, 34.50079 31.92869, 34.50322 31.93955))",True
SLK-0070,2019-03-10T16:36:42Z,Sentinel-1B,Sentinel1B_20190310_163642_781,Eastern Mediterranean Sea,dense_oil_zone,old_vessel,0.817,0.641,21.157,13.6,32.49505,32.07126,"POLYGON((32.1051 32.49875, 32.08982 32.51926, 32.05685 32.51596, 32.04458 32.49227, 32.05558 32.47306, 32.08546 32.4792, 32.1051 32.49875))",False
SLK-0033,2019-03-10T16:36:59Z,Sentinel-1B,Sentinel1B_20190310_163659_667,Eastern Mediterranean Sea,dense_oil_zone,coincident_vessel,0.876,0.901,17.276,94.6,32.363,31.81229,"POLYGON((31.83243 32.36175, 31.83074 32.37597, 31.81487 32.38669, 31.79957 32.37798, 31.79039 32.36702, 31.79416 32.35776, 31.79902 32.34041, 31.81444 32.3417, 31.83239 32.35087, 31.83243 32.36175))",False
SLK-0034,2019-03-10T16:38:38Z,Sentinel-1B,Sentinel1B_20190310_163838_717,Eastern Mediterranean Sea,full_coverage,coincident_vessel,0.812,0.99,10.775,66.7,34.44312,28.6778,"POLYGON((28.69335 34.44215, 28.69062 34.45235, 28.67848 34.46313, 28.66152 34.45793, 28.65328 34.44093, 28.66302 34.43013, 28.67903 34.42963, 28.69449 34.43132, 28.69335 34.44215))",True
SLK-0102,2019-03-15T04:13:11Z,Sentinel-1A,Sentinel1A_20190315_041311_677,Eastern Mediterranean Sea,full_coverage,coincident_vessel,0.903,0.809,9.573,9.2,35.65179,31.72337,"POLYGON((31.74134 35.65302, 31.74018 35.6662, 31.72939 35.67118, 31.71539 35.6621, 31.7087 35.65587, 31.70693 35.64634, 31.71685 35.64002, 31.73047 35.6336, 31.73985 35.64188, 31.74134 35.65302))",False
SLK-0087,2019-03-15T04:14:06Z,Sentinel-1A,Sentinel1A_20190315_041406_326,Eastern Mediterranean Sea,full_coverage,ambiguous,0.716,0.309,18.868,53.2,31.47632,28.68077,"POLYGON((28.70909 31.47551, 28.69864 31.49023, 28.68349 31.50209, 28.66816 31.49192, 28.65466 31.48323, 28.6605 31.46886, 28.66522 31.45863, 28.68655 31.45385, 28.70027 31.45961, 28.70909 31.47551))",True
SLK-0014,2019-03-19T04:10:54Z,Sentinel-1B,Sentinel1B_20190319_041054_859,Eastern Mediterranean Sea,dense_oil_zone,infrastructure,0.907,0.756,8.15,78.6,32.24745,33.89926,"POLYGON((33.92136 32.24909, 33.9068 32.25693, 33.89657 32.25859, 33.88408 32.25324, 33.88728 32.24112, 33.89556 32.2314, 33.91068 32.23233, 33.92136 32.24909))",False
SLK-0040,2019-03-28T16:37:47Z,Sentinel-1B,Sentinel1B_20190328_163747_718,Eastern Mediterranean Sea,dense_oil_zone,natural_seep,0.718,0.576,6.098,86.8,34.67994,31.30063,"POLYGON((31.31836 34.68108, 31.30907 34.68997, 31.29244 34.6891, 31.2855 34.6812, 31.29554 34.67033, 31.30821 34.67071, 31.31836 34.68108))",False
SLK-0107,2019-03-28T16:41:06Z,Sentinel-1B,Sentinel1B_20190328_164106_970,Eastern Mediterranean Sea,full_coverage,coincident_vessel,0.958,0.818,6.604,43.7,35.73814,28.62612,"POLYGON((28.64377 35.73677, 28.64286 35.74696, 28.63065 35.75328, 28.61431 35.75047, 28.61229 35.74405, 28.60877 35.7324, 28.61527 35.72389, 28.62818 35.72653, 28.64175 35.7277, 28.64377 35.73677))",False
SLK-0002,2019-04-02T16:38:13Z,Sentinel-1B,Sentinel1B_20190402_163813_880,Eastern Mediterranean Sea,dense_oil_zone,coincident_vessel,0.95,0.605,5.821,75.5,34.16867,34.11481,"POLYGON((34.13194 34.16825, 34.12524 34.1783, 34.11592 34.17802, 34.10779 34.18211, 34.10348 34.17124, 34.10425 34.16459, 34.10724 34.15457, 34.11719 34.15807, 34.12953 34.15998, 34.13194 34.16825))",False
SLK-0071,2019-04-02T16:40:31Z,Sentinel-1B,Sentinel1B_20190402_164031_199,Eastern Mediterranean Sea,dense_oil_zone,natural_seep,0.733,0.521,4.069,68.0,32.99414,32.61148,"POLYGON((32.62334 32.9927, 32.61966 33.00553, 32.60903 33.00502, 32.60138 32.99865, 32.5993 32.99, 32.60853 32.98572, 32.61854 32.98533, 32.62334 32.9927))",False
SLK-0009,2019-04-06T04:09:57Z,Sentinel-1A,Sentinel1A_20190406_040957_678,Eastern Mediterranean Sea,dense_oil_zone,coincident_vessel,0.964,0.956,17.706,82.7,33.42787,32.9843,"POLYGON((33.00982 33.4272, 32.99513 33.44082, 32.97073 33.4497, 32.9584 33.42592, 32.9734 33.41525, 33.0006 33.40371, 33.00982 33.4272))",False
SLK-0065,2019-04-06T04:11:31Z,Sentinel-1A,Sentinel1A_20190406_041131_408,Eastern Mediterranean Sea,full_coverage,ambiguous,0.911,0.372,19.617,64.5,34.98138,34.47368,"POLYGON((34.49653 34.98352, 34.48569 34.99387, 34.46527 35.00508, 34.44368 34.99377, 34.45102 34.97237, 34.46752 34.96579, 34.49204 34.96051, 34.49653 34.98352))",True
SLK-0053,2019-04-06T04:11:45Z,Sentinel-1A,Sentinel1A_20190406_041145_876,Eastern Mediterranean Sea,dense_oil_zone,old_vessel,0.943,0.421,5.69,11.6,33.15371,30.78393,"POLYGON((30.80023 33.15426, 30.7901 33.16138, 30.77487 33.16437, 30.76901 33.1526, 30.77853 33.14578, 30.79317 33.14174, 30.80023 33.15426))",False
SLK-0129,2019-04-06T04:12:18Z,Sentinel-1A,Sentinel1A_20190406_041218_367,Eastern Mediterranean Sea,dense_oil_zone,recent_vessel,0.875,0.833,20.956,27.0,31.84056,33.79818,"POLYGON((33.83043 31.83901, 33.81107 31.85452, 33.78981 31.8643, 33.77816 31.85081, 33.76618 31.83038, 33.79061 31.81942, 33.80927 31.8251, 33.83043 31.83901))",False
SLK-0012,2019-04-06T04:12:50Z,Sentinel-1A,Sentinel1A_20190406_041250_146,Eastern Mediterranean Sea,full_coverage,recent_vessel,0.891,0.99,7.753,89.9,36.10402,28.36773,"POLYGON((28.3855 36.10283, 28.37541 36.11273, 28.36196 36.11399, 28.35156 36.10564, 28.36059 36.09347, 28.37679 36.09197, 28.3855 36.10283))",False
SLK-0007,2019-04-17T16:36:45Z,Sentinel-1A,Sentinel1A_20190417_163645_840,Eastern Mediterranean Sea,full_coverage,old_vessel,0.935,0.756,0.096,48.0,33.26921,29.50048,"POLYGON((29.50247 33.26919, 29.50122 33.27049, 29.49916 33.27092, 29.49874 33.26903, 29.49956 33.26771, 29.50109 33.26803, 29.50247 33.26919))",False
SLK-0123,2019-04-17T16:37:23Z,Sentinel-1A,Sentinel1A_20190417_163723_515,Eastern Mediterranean Sea,dense_oil_zone,coincident_vessel,0.979,0.792,19.84,59.9,34.00976,34.51844,"POLYGON((34.54391 34.00824, 34.54268 34.023, 34.52336 34.02754, 34.50771 34.02968, 34.49489 34.02018, 34.49266 34.00484, 34.50244 33.98611, 34.52205 33.98872, 34.53293 33.99695, 34.54391 34.00824))",False
SLK-0063,2019-04-17T16:40:14Z,Sentinel-1A,Sentinel1A_20190417_164014_357,Eastern Mediterranean Sea,dense_oil_zone,ambiguous,0.917,0.715,19.013,68.5,31.69811,32.32985,"POLYGON((32.35373 31.69623, 32.34759 31.71747, 32.33218 31.72183, 32.31282 31.71056, 32.30179 31.69655, 32.31068 31.68387, 32.33281 31.68042, 32.34548 31.68515, 32.35373 31.69623))",False
SLK-0039,2019-04-17T16:40:34Z,Sentinel-1A,Sentinel1A_20190417_164034_150,Eastern Mediterranean Sea,full_coverage,coincident_vessel,0.794,0.88,14.93,34.8,34.94823,29.66851,"POLYGON((29.69904 34.94993, 29.685 34.96261, 29.66216 34.97111, 29.65212 34.95259, 29.64599 34.94003, 29.66521 34.92456, 29.68009 34.93566, 29.69904 34.94993))",True
SLK-0057,2019-04-20T16:36:51Z,Sentinel-1B,Sentinel1B_20190420_163651_888,Eastern Mediterranean Sea,full_coverage,coincident_vessel,0.77,0.851,7.714,14.1,35.04095,30.60048,"POLYGON((30.61417 35.03976, 30.60842 35.05153, 30.59792 35.05142, 30.58283 35.04551, 30.58575 35.03296, 30.59399 35.02457, 30.61534 35.02807, 30.61417 35.03976))",False
SLK-0015,2019-04-20T16:37:16Z,Sentinel-1B,Sentinel1B_20190420_163716_956,Eastern Mediterranean Sea,full_coverage,natural_seep,0.774,0.514,0.719,71.6,31.91149,29.60483,"POLYGON((29.60967 31.91141, 29.60791 31.9144, 29.60297 31.91631, 29.60091 31.91277, 29.60011 31.90993, 29.6039 31.90776, 29.6075 31.90858, 29.60967 31.91141))",True
SLK-0024,2019-05-01T04:12:52Z,Sentinel-1A,Sentinel1A_20190501_041252_193,Eastern Mediterranean Sea,full_coverage,ambiguous,0.928,0.356,16.878,11.3,35.59096,32.16036,"POLYGON((32.18118 35.58953, 32.17866 35.60765, 32.15884 35.60587, 32.1428 35.59678, 32.13924 35.58312, 32.15404 35.57064, 32.17251 35.57563, 32.18118 35.58953))",False
SLK-0020,2019-05-04T16:40:13Z,Sentinel-1B,Sentinel1B_20190504_164013_935,Eastern Mediterranean Sea,dense_oil_zone,old_vessel,0.984,0.578,18.596,75.8,31.92792,32.01892,"POLYGON((32.05053 31.92444, 32.04213 31.94586, 32.01988 31.95234, 32.00408 31.94404, 31.99748 31.92721, 32.00617 31.91576, 32.02382 31.89977, 32.03597 31.91013, 32.05053 31.92444))",False
SLK-0064,2019-05-10T04:10:14Z,Sentinel-1B,Sentinel1B_20190510_041014_361,Eastern Mediterranean Sea,dense_oil_zone,recent_vessel,0.891,0.684,19.24,60.4,31.92259,32.83021,"POLYGON((32.86007 31.92085, 32.85475 31.93828, 32.83101 31.94173, 32.81339 31.94152, 32.80993 31.92318, 32.81731 31.90874, 32.82969 31.90003, 32.84873 31.90731, 32.86007 31.92085))",False
SLK-0008,2019-05-10T04:12:15Z,Sentinel-1B,Sentinel1B_20190510_041215_480,Eastern Mediterranean Sea,dense_oil_zone,recent_vessel,0.836,0.751,3.752,21.7,32.96535,34.19495,"POLYGON((34.20434 32.96544, 34.20252 32.97228, 34.19381 32.9767, 34.18887 32.97104, 34.18402 32.96531, 34.18826 32.95857, 34.19457 32.95615, 34.20474 32.95836, 34.20434 32.96544))",False
SLK-0110,2019-05-19T16:37:35Z,Sentinel-1A,Sentinel1A_20190519_163735_979,Eastern Mediterranean Sea,dense_oil_zone,coincident_vessel,0.935,0.595,7.689,11.3,32.44541,33.54043,"POLYGON((33.55679 32.4457, 33.55052 32.4578, 33.53763 32.45735, 33.52642 32.45165, 33.52203 32.43574, 33.53425 32.42789, 33.5518 32.43641, 33.55679 32.4457))",True
SLK-0044,2019-05-19T16:38:57Z,Sentinel-1A,Sentinel1A_20190519_163857_227,Eastern Mediterranean Sea,full_coverage,natural_seep,0.977,0.592,18.143,10.2,34.25629,29.39279,"POLYGON((29.41356 34.2551, 29.41917 34.26974, 29.39367 34.27158, 29.37997 34.27849, 29.37346 34.26404, 29.37503 34.24855, 29.37502 34.23349, 29.39544 34.22859, 29.41425 34.24235, 29.41356 34.2551))",False
SLK-0043,2019-05-19T16:39:34Z,Sentinel-1A,Sentinel1A_20190519_163934_974,Eastern Mediterranean Sea,full_coverage,natural_seep,0.872,0.573,7.012,9.3,32.05643,28.607,"POLYGON((28.62603 32.05532, 28.61584 32.06474, 28.60208 32.06795, 28.59594 32.06264, 28.59643 32.05047, 28.60465 32.043, 28.61938 32.04571, 28.62603 32.05532))",False
SLK-0066,2019-05-22T16:39:06Z,Sentinel-1B,Sentinel1B_20190522_163906_239,Eastern Mediterranean Sea,dense_oil_zone,recent_vessel,0.823,0.816,11.684,65.7,33.65082,34.99443,"POLYGON((35.01406 33.64884, 35.00388 33.66433, 34.98944 33.67083, 34.97619 33.66068, 34.98066 33.64392, 34.99079 33.63098, 35.00982 33.63714, 35.01406 33.64884))",False
SLK-0001,2019-05-22T16:40:27Z,Sentinel-1B,Sentinel1B_20190522_164027_128,Eastern Mediterranean Sea,full_coverage,coincident_vessel,0.78,0.591,1.882,89.8,33.39853,27.42231,"POLYGON((27.43077 33.39852, 27.42919 33.40469, 27.42266 33.4057, 27.41412 33.40415, 27.41518 33.39795, 27.41645 33.39258, 27.42183 33.39135, 27.42989 33.39323, 27.43077 33.39852))",False
SLK-0114,2019-05-28T04:09:40Z,Sentinel-1B,Sentinel1B_20190528_040940_785,Eastern Mediterranean Sea,dense_oil_zone,infrastructure,0.982,0.965,0.14,2.0,32.96072,31.54056,"POLYGON((31.54254 32.96058, 31.54214 32.96179, 31.54047 32.96212, 31.53887 32.96195, 31.53813 32.96069, 31.53877 32.95899, 31.54061 32.95905, 31.54238 32.95891, 31.54254 32.96058))",True
SLK-0127,2019-06-01T16:39:44Z,Sentinel-1B,Sentinel1B_20190601_163944_332,Eastern Mediterranean Sea,full_coverage,infrastructure,0.939,0.829,8.241,54.0,31.21543,29.05444,"POLYGON((29.07169 31.21475, 29.06836 31.22601, 29.05618 31.2265, 29.04581 31.22543, 29.04234 31.21953, 29.03928 31.21061, 29.04359 31.19979, 29.05702 31.19885, 29.06792 31.20614, 29.07169 31.21475))",False
SLK-0128,2019-06-06T16:37:13Z,Sentinel-1B,Sentinel1B_20190606_163713_963,Eastern Mediterranean Sea,dense_oil_zone,natural_seep,0.887,0.581,18.319,43.6,32.53334,30.35155,"POLYGON((30.38174 32.53622, 30.36312 32.54605, 30.3423 32.554, 30.33134 32.53928, 30.33074 32.52251, 30.34683 32.5155, 30.3699 32.51386, 30.38174 32.53622))",False
SLK-0074,2019-06-06T16:37:14Z,Sentinel-1B,Sentinel1B_20190606_163714_639,Eastern Mediterranean Sea,dense_oil_zone,coincident_vessel,0.944,0.769,21.188,37.8,34.47256,30.19434,"POLYGON((30.22883 34.47433, 30.2118 34.49388, 30.18419 34.50106, 30.17564 34.47851, 30.1674 34.45785, 30.18725 34.45465, 30.21935 34.45299, 30.22883 34.47433))",False
SLK-0052,2019-06-06T16:37:39Z,Sentinel-1B,Sentinel1B_20190606_163739_169,Eastern Mediterranean Sea,dense_oil_zone,old_vessel,0.883,0.581,21.361,18.7,34.00635,33.80193,"POLYGON((33.8242 34.00412, 33.82245 34.02475, 33.79957 34.0299, 33.78242 34.02398, 33.77652 34.00675, 33.78287 33.98629, 33.80385 33.98108, 33.82353 33.99051, 33.8242 34.00412))",True
SLK-0100,2019-06-06T16:39:16Z,Sentinel-1B,Sentinel1B_20190606_163916_636,Eastern Mediterranean Sea,full_coverage,old_vessel,0.916,0.721,0.957,37.6,36.09351,35.15324,"POLYGON((35.15955 36.09397, 35.15738 36.0981, 35.14976 36.09882, 35.14861 36.09307, 35.15001 36.08849, 35.15663 36.0893, 35.15955 36.09397))",True
SLK-0030,2019-06-06T16:40:44Z,Sentinel-1B,Sentinel1B_20190606_164044_228,Eastern Mediterranean Sea,dense_oil_zone,infrastructure,0.933,0.699,13.44,58.1,32.81519,34.68079,"POLYGON((34.70063 32.81474, 34.69558 32.83175, 34.6657 32.83212, 34.657 32.81558, 34.67389 32.80285, 34.69189 32.79488, 34.70063 32.81474))",False
SLK-0121,2019-06-12T04:10:07Z,Sentinel-1A,Sentinel1A_20190612_041007_663,Eastern Mediterranean Sea,dense_oil_zone,old_vessel,0.933,0.381,10.263,49.7,34.08499,32.33903,"POLYGON((32.35664 34.08691, 32.35562 34.0937, 32.34456 34.10464, 32.32494 34.10076, 32.32032 34.09177, 32.32099 34.07903, 32.33034 34.07571, 32.34362 34.07005, 32.34968 34.07706, 32.35664 34.08691))",False
SLK-0091,2019-06-16T04:12:32Z,Sentinel-1A,Sentinel1A_20190616_041232_660,Eastern Mediterranean Sea,dense_oil_zone,natural_seep,0.961,0.324,7.113,65.2,34.51128,31.74158,"POLYGON((31.7532 34.51126, 31.75016 34.52347, 31.73261 34.52429, 31.72494 34.50979, 31.73011 34.49928, 31.7512 34.49594, 31.7532 34.51126))",False
SLK-0111,2019-06-16T04:13:04Z,Sentinel-1A,Sentinel1A_20190616_041304_463,Eastern Mediterranean Sea,full_coverage,recent_vessel,0.938,0.754,6.398,61.4,36.06666,28.48223,"POLYGON((28.49818 36.06531, 28.48943 36.07366, 28.48428 36.07916, 28.46896 36.07921, 28.46714 36.06689, 28.46718 36.05744, 28.48241 36.05496, 28.49294 36.05543, 28.49818 36.06531))",True
SLK-0097,2019-06-20T16:38:34Z,Sentinel-1B,Sentinel1B_20190620_163834_902,Eastern Mediterranean Sea,full_coverage,old_vessel,0.845,0.613,21.935,45.9,35.32423,28.64147,"POLYGON((28.66948 35.32248, 28.6555 35.33795, 28.63812 35.34674, 28.62737 35.33647, 28.60506 35.32855, 28.61556 35.30263, 28.63908 35.30735, 28.66341 35.30766, 28.66948 35.32248))",False
SLK-0122,2019-06-20T16:41:00Z,Sentinel-1B,Sentinel1B_20190620_164100_368,Eastern Mediterranean Sea,dense_oil_zone,recent_vessel,0.921,0.882,9.607,91.1,33.03118,30.2642,"POLYGON((30.28447 33.03344, 30.27505 33.03903, 30.26928 33.05019, 30.25678 33.04074, 30.24793 33.03824, 30.24545 33.02681, 30.2498 33.01499, 30.26505 33.01346, 30.27498 33.02304, 30.28447 33.03344))",False
SLK-0010,2019-06-25T16:38:13Z,Sentinel-1A,Sentinel1A_20190625_163813_814,Eastern Mediterranean Sea,dense_oil_zone,coincident_vessel,0.872,0.864,16.622,21.8,32.67441,30.15973,"POLYGON((30.18752 32.67306, 30.17764 32.68931, 30.16384 32.69594, 30.14621 32.69291, 30.14214 32.68189, 30.13789 32.66454, 30.14991 32.6543, 30.16527 32.65523, 30.1799 32.66309, 30.18752 32.67306))",False
SLK-0026,2019-06-25T16:39:44Z,Sentinel-1A,Sentinel1A_20190625_163944_651,Eastern Mediterranean Sea,full_coverage,ambiguous,0.916,0.209,3.691,30.2,35.38202,27.28716,"POLYGON((27.3008 35.38126, 27.29359 35.3896, 27.28133 35.38887, 27.27337 35.38144, 27.2823 35.37268, 27.29148 35.37517, 27.3008 35.38126))",False
SLK-0047,2019-06-25T16:41:22Z,Sentinel-1A,Sentinel1A_20190625_164122_212,Eastern Mediterranean Sea,dense_oil_zone,recent_vessel,0.769,0.919,1.912,43.7,34.36425,30.79023,"POLYGON((30.79929 34.36483, 30.79402 34.37102, 30.78508 34.37074, 30.78159 34.36427, 30.78442 34.3579, 30.79489 34.35852, 30.79929 34.36483))",False
SLK-0080,2019-07-05T16:36:56Z,Sentinel-1A,Sentinel1A_20190705_163656_704,Eastern Mediterranean Sea,dense_oil_zone,old_vessel,0.726,0.667,9.862,81.4,34.46517,34.23489,"POLYGON((34.24985 34.46608, 34.24705 34.47371, 34.23634 34.47993, 34.2281 34.47553, 34.21928 34.4692, 34.21767 34.46207, 34.2271 34.44978, 34.23724 34.45316, 34.24598 34.45698, 34.24985 34.46608))",True
SLK-0105,2019-07-05T16:40:01Z,Sentinel-1A,Sentinel1A_20190705_164001_827,Eastern Mediterranean Sea,dense_oil_zone,ambiguous,0.771,0.469,10.403,41.0,33.78782,30.09338,"POLYGON((30.10725 33.7879, 30.10287 33.79642, 30.09835 33.80358, 30.08679 33.80044, 30.0801 33.7917, 30.07027 33.7801, 30.08287 33.76843, 30.09697 33.77236, 30.10911 33.77428, 30.10725 33.7879))",True
SLK-0113,2019-07-10T04:11:01Z,Sentinel-1B,Sentinel1B_20190710_041101_830,Eastern Mediterranean Sea,dense_oil_zone,coincident_vessel,0.729,0.65,3.268,86.0,34.54978,31.48279,"POLYGON((31.49446 34.55104, 31.48829 34.55897, 31.47554 34.55846, 31.4687 34.55008, 31.47741 34.54174, 31.48968 34.54249, 31.49446 34.55104))",False
SLK-0018,2019-07-14T16:40:35Z,Sentinel-1B,Sentinel1B_20190714_164035_197,Eastern Mediterranean Sea,dense_oil_zone,natural_seep,0.823,0.527,11.186,51.7,31.90678,33.68626,"POLYGON((33.70736 31.90628, 33.69738 31.9165, 33.69061 31.92216, 33.67489 31.92231, 33.66754 31.91205, 33.67325 31.90186, 33.67225 31.89117, 33.68743 31.89066, 33.70495 31.89697, 33.70736 31.90628))",False
SLK-0086,2019-07-14T16:40:50Z,Sentinel-1B,Sentinel1B_20190714_164050_953,Eastern Mediterranean Sea,dense_oil_zone,coincident_vessel,0.88,0.649,2.636,83.8,34.32283,35.15011,"POLYGON((35.16084 34.32396, 35.15671 34.32861, 35.15093 34.33341, 35.1403 34.32902, 35.14071 34.32299, 35.14266 34.31717, 35.15047 34.31467, 35.15595 34.3178, 35.16084 34.32396))",True
SLK-0027,2019-07-18T04:09:35Z,Sentinel-1B,Sentinel1B_20190718_040935_634,Eastern Mediterranean Sea,dense_oil_zone,infrastructure,0.965,0.728,15.284,42.7,33.57437,30.26335,"POLYGON((30.28993 33.57161, 30.27234 33.58797, 30.25286 33.592, 30.2442 33.57362, 30.2532 33.56241, 30.27466 33.56229, 30.28993 33.57161))",True
SLK-0003,2019-07-18T04:09:47Z,Sentinel-1B,Sentinel1B_20190718_040947_124,Eastern Mediterranean Sea,dense_oil_zone,ambiguous,0.862,0.389,3.128,71.5,31.83854,32.98439,"POLYGON((32.99409 31.83785, 32.99378 31.84349, 32.9848 31.8491, 32.98087 31.84411, 32.97392 31.84277, 32.97568 31.83489, 32.97974 31.82993, 32.98722 31.83064, 32.99209 31.83412, 32.99409 31.83785))",False
SLK-0106,2019-07-18T04:11:08Z,Sentinel-1B,Sentinel1B_20190718_041108_872,Eastern Mediterranean Sea,dense_oil_zone,coincident_vessel,0.812,0.817,1.841,80.4,34.38467,34.81109,"POLYGON((34.81758 34.38479, 34.81547 34.38929, 34.8102 34.39271, 34.80617 34.38913, 34.80095 34.38535, 34.8045 34.37992, 34.81193 34.37726, 34.81812 34.37818, 34.81758 34.38479))",True
SLK-0061,2019-07-18T04:12:05Z,Sentinel-1B,Sentinel1B_20190718_041205_324,Eastern Mediterranean Sea,full_coverage,coincident_vessel,0.747,0.961,12.467,45.8,35.21449,27.42473,"POLYGON((27.44855 35.21554, 27.43872 35.22316, 27.42635 35.23123, 27.41598 35.229, 27.40517 35.22097, 27.39988 35.20891, 27.41053 35.19475, 27.42939 35.19227, 27.43713 35.20656, 27.44855 35.21554))",False
SLK-0046,2019-07-18T04:14:33Z,Sentinel-1B,Sentinel1B_20190718_041433_794,Eastern Mediterranean Sea,dense_oil_zone,coincident_vessel,0.946,0.928,2.037,10.6,32.79205,32.31396,"POLYGON((32.32203 32.79198, 32.31948 32.79698, 32.31257 32.79748, 32.30605 32.79562, 32.30389 32.78883, 32.31274 32.78281, 32.31805 32.78675, 32.32203 32.79198))",True
SLK-0038,2019-07-21T04:12:33Z,Sentinel-1B,Sentinel1B_20190721_041233_545,Eastern Mediterranean Sea,dense_oil_zone,natural_seep,0.72,0.689,4.428,23.6,34.65577,30.59206,"POLYGON((30.60282 34.65638, 30.6003 34.66238, 30.59135 34.66331, 30.58147 34.66096, 30.58101 34.65011, 30.58958 34.6477, 30.60019 34.64604, 30.60282 34.65638))",True
SLK-0073,2019-07-26T04:09:59Z,Sentinel-1A,Sentinel1A_20190726_040959_794,Eastern Mediterranean Sea,full_coverage,recent_vessel,0.866,0.636,12.282,17.8,35.57882,33.16634,"POLYGON((33.19401 35.57781, 33.18083 35.59127, 33.15977 35.59706, 33.14737 35.58877, 33.15242 35.5721, 33.16126 35.56252, 33.18324 35.56512, 33.19401 35.57781))",False
SLK-0117,2019-07-26T04:12:51Z,Sentinel-1A,Sentinel1A_20190726_041251_213,Eastern Mediterranean Sea,dense_oil_zone,ambiguous,0.796,0.35,0.967,82.2,32.96506,32.71593,"POLYGON((32.72249 32.96547, 32.7191 32.97068, 32.71252 32.96974, 32.71157 32.96542, 32.71244 32.96007, 32.71866 32.96014, 32.72249 32.96547))",False
SLK-0028,2019-07-26T04:13:08Z,Sentinel-1A,Sentinel1A_20190726_041308_966,Eastern Mediterranean Sea,dense_oil_zone,infrastructure,0.931,0.934,20.197,81.4,33.15164,34.30018,"POLYGON((34.33159 33.14986, 34.31575 33.16782, 34.29429 33.18035, 34.27826 33.15932, 34.27528 33.1449, 34.29202 33.12646, 34.31896 33.13353, 34.33159 33.14986))",True
SLK-0103,2019-07-26T04:14:24Z,Sentinel-1A,Sentinel1A_20190726_041424_530,Eastern Mediterranean Sea,dense_oil_zone,recent_vessel,0.719,0.919,16.878,75.0,33.70552,33.28845,"POLYGON((33.31715 33.70262, 33.30473 33.72217, 33.28487 33.73013, 33.26848 33.71191, 33.26705 33.69493, 33.28329 33.68674, 33.30339 33.68578, 33.31715 33.70262))",False
SLK-0125,2019-08-01T16:36:15Z,Sentinel-1A,Sentinel1A_20190801_163615_561,Eastern Mediterranean Sea,dense_oil_zone,natural_seep,0.823,0.491,5.471,74.3,33.98233,34.60128,"POLYGON((34.61367 33.98147, 34.60902 33.99185, 34.59517 33.99207, 34.58686 33.98169, 34.59414 33.97029, 34.61048 33.96998, 34.61367 33.98147))",False
SLK-0116,2019-08-06T04:15:08Z,Sentinel-1A,Sentinel1A_20190806_041508_179,Eastern Mediterranean Sea,dense_oil_zone,old_vessel,0.816,0.846,19.165,72.1,32.49706,34.68517,"POLYGON((34.7149 32.49477, 34.704 32.52086, 34.66759 32.51746, 34.66411 32.49891, 34.67538 32.47986, 34.70393 32.47569, 34.7149 32.49477))",False
SLK-0093,2019-08-09T04:13:27Z,Sentinel-1B,Sentinel1B_20190809_041327_102,Eastern Mediterranean Sea,dense_oil_zone,infrastructure,0.763,0.965,19.937,95.6,32.13671,32.26876,"POLYGON((32.30135 32.13677, 32.28185 32.15093, 32.25322 32.15635, 32.23524 32.13465, 32.25653 32.12103, 32.28528 32.11895, 32.30135 32.13677))",False
SLK-0126,2019-08-13T16:36:50Z,Sentinel-1A,Sentinel1A_20190813_163650_235,Eastern Mediterranean Sea,full_coverage,coincident_vessel,0.988,0.99,4.894,73.1,35.80611,31.05438,"POLYGON((31.06474 35.80683, 31.06198 35.81341, 31.05432 35.81892, 31.04536 35.81196, 31.04283 35.8061, 31.04492 35.80025, 31.05529 35.79726, 31.06203 35.79931, 31.06474 35.80683))",False
SLK-0076,2019-08-13T16:38:49Z,Sentinel-1A,Sentinel1A_20190813_163849_864,Eastern Mediterranean Sea,dense_oil_zone,infrastructure,0.919,0.773,1.051,87.5,31.36678,33.1558,"POLYGON((33.16238 31.36597, 33.16171 31.36995, 33.15717 31.37265, 33.15311 31.37018, 33.15067 31.36778, 33.14911 31.36455, 33.15342 31.36369, 33.15603 31.36116, 33.16086 31.36349, 33.16238 31.36597))",True
SLK-0037,2019-08-13T16:40:59Z,Sentinel-1A,Sentinel1A_20190813_164059_771,Eastern Mediterranean Sea,dense_oil_zone,coincident_vessel,0.956,0.803,0.238,20.6,33.98192,31.06184,"POLYGON((31.06444 33.98175, 31.06423 33.98363, 31.06264 33.9841, 31.06036 33.9838, 31.05926 33.98274, 31.05873 33.98093, 31.06024 33.97963, 31.06232 33.97918, 31.06431 33.98024, 31.06444 33.98175))",False
SLK-0089,2019-08-13T16:41:00Z,Sentinel-1A,Sentinel1A_20190813_164100_604,Eastern Mediterranean Sea,full_coverage,recent_vessel,0.896,0.943,21.521,57.7,34.38828,29.19588,"POLYGON((29.22916 34.39099, 29.21203 34.40217, 29.19167 34.41525, 29.17408 34.41124, 29.17581 34.38827, 29.17576 34.37161, 29.19727 34.36057, 29.21879 34.36562, 29.22916 34.39099))",False
SLK-0049,2019-08-18T16:36:58Z,Sentinel-1B,Sentinel1B_20190818_163658_547,Eastern Mediterranean Sea,full_coverage,coincident_vessel,0.727,0.643,11.85,24.2,34.38794,27.62101,"POLYGON((27.63934 34.38968, 27.63311 34.40079, 27.62173 34.40286, 27.60544 34.40087, 27.59616 34.38669, 27.60227 34.37496, 27.61762 34.36909, 27.63446 34.37587, 27.63934 34.38968))",False
SLK-0119,2019-08-18T16:40:21Z,Sentinel-1B,Sentinel1B_20190818_164021_722,Eastern Mediterranean Sea,dense_oil_zone,natural_seep,0.889,0.366,4.968,46.7,32.53472,31.7866,"POLYGON((31.80024 32.53551, 31.79416 32.54015, 31.78942 32.54317, 31.7772 32.54634, 31.77147 32.53921, 31.77588 32.53057, 31.78101 32.52385, 31.78927 32.52357, 31.79662 32.52851, 31.80024 32.53551))",False
SLK-0083,2019-08-23T16:36:21Z,Sentinel-1A,Sentinel1A_20190823_163621_268,Eastern Mediterranean Sea,dense_oil_zone,coincident_vessel,0.938,0.95,5.614,88.5,32.75752,34.58288,"POLYGON((34.59375 32.75619, 34.58768 32.76695, 34.57417 32.76886, 34.56833 32.75795, 34.57404 32.74475, 34.59089 32.74501, 34.59375 32.75619))",False
SLK-0031,2019-08-23T16:36:26Z,Sentinel-1A,Sentinel1A_20190823_163626_105,Eastern Mediterranean Sea,dense_oil_zone,old_vessel,0.738,0.551,16.695,89.1,32.32578,31.19806,"POLYGON((31.21841 32.32732, 31.21531 32.34316, 31.19948 32.35235, 31.18424 32.34072, 31.17324 32.32263, 31.17959 32.31363, 31.1998 32.30638, 31.21226 32.31521, 31.21841 32.32732))",False
SLK-0098,2019-08-28T16:37:02Z,Sentinel-1B,Sentinel1B_20190828_163702_103,Eastern Mediterranean Sea,dense_oil_zone,old_vessel,0.98,0.752,9.261,3.5,33.60161,34.49159,"POLYGON((34.50466 33.60204, 34.5031 33.61904, 34.4784 33.61637, 34.47504 33.60035, 34.4804 33.58391, 34.49918 33.59098, 34.50466 33.60204))",True
SLK-0058,2019-08-28T16:39:10Z,Sentinel-1B,Sentinel1B_20190828_163910_658,Eastern Mediterranean Sea,full_coverage,recent_vessel,0.724,0.719,5.549,90.5,34.87531,34.93287,"POLYGON((34.95019 34.87564, 34.94348 34.88688, 34.92513 34.88389, 34.92079 34.87433, 34.92557 34.86215, 34.94273 34.8621, 34.95019 34.87564))",False
SLK-0077,2019-09-01T04:12:05Z,Sentinel-1B,Sentinel1B_20190901_041205_113,Eastern Mediterranean Sea,full_coverage,old_vessel,0.982,0.534,9.904,22.3,31.95513,29.02338,"POLYGON((29.04452 31.95534, 29.04178 31.96716, 29.02278 31.97279, 29.00564 31.96863, 28.99993 31.95689, 29.00679 31.94397, 29.02213 31.93487, 29.04038 31.9407, 29.04452 31.95534))",False
SLK-0101,2019-09-01T04:13:15Z,Sentinel-1B,Sentinel1B_20190901_041315_234,Eastern Mediterranean Sea,dense_oil_zone,recent_vessel,0.887,0.78,18.039,42.4,32.64165,30.77282,"POLYGON((30.80559 32.64422, 30.78773 32.65376, 30.76145 32.66689, 30.75185 32.64903, 30.74727 32.63069, 30.7693 32.62453, 30.78803 32.62412, 30.80559 32.64422))",True
SLK-0115,2019-09-07T04:13:05Z,Sentinel-1B,Sentinel1B_20190907_041305_601,Eastern Mediterranean Sea,dense_oil_zone,natural_seep,0.879,0.426,7.628,29.1,32.27049,30.11497,"POLYGON((30.13317 32.2716, 30.12349 32.28316, 30.10758 32.28278, 30.09822 32.26892, 30.10981 32.26057, 30.12358 32.26019, 30.13317 32.2716))",True
SLK-0060,2019-09-07T04:13:31Z,Sentinel-1B,Sentinel1B_20190907_041331_629,Eastern Mediterranean Sea,dense_oil_zone,coincident_vessel,0.951,0.757,20.924,24.8,31.81113,30.39113,"POLYGON((30.41877 31.81422, 30.4113 31.82712, 30.39695 31.83945, 30.37788 31.82952, 30.3632 31.8179, 30.36742 31.80491, 30.37716 31.78657, 30.39931 31.78417, 30.41338 31.79759, 30.41877 31.81422))",True
SLK-0096,2019-09-10T04:11:02Z,Sentinel-1A,Sentinel1A_20190910_041102_578,Eastern Mediterranean Sea,dense_oil_zone,natural_seep,0.765,0.547,3.211,48.9,32.27983,30.24982,"POLYGON((30.25936 32.27869, 30.25471 32.28662, 30.24803 32.28666, 30.24313 32.28298, 30.24151 32.27611, 30.24898 32.27337, 30.25513 32.27489, 30.25936 32.27869))",False
SLK-0029,2019-09-10T04:13:12Z,Sentinel-1A,Sentinel1A_20190910_041312_919,Eastern Mediterranean Sea,full_coverage,coincident_vessel,0.716,0.745,17.026,76.0,36.01511,35.28738,"POLYGON((35.32048 36.01119, 35.30297 36.02741, 35.27649 36.03998, 35.26075 36.02911, 35.25745 36.00595, 35.28387 35.99152, 35.29858 36.00316, 35.32048 36.01119))",True
SLK-0088,2019-09-15T16:37:48Z,Sentinel-1B,Sentinel1B_20190915_163748_355,Eastern Mediterranean Sea,dense_oil_zone,coincident_vessel,0.95,0.779,11.913,45.8,34.28467,30.15592,"POLYGON((30.1768 34.2822, 30.1752 34.29975, 30.15367 34.30497, 30.13627 34.29217, 30.14211 34.27701, 30.14987 34.26268, 30.17183 34.27129, 30.1768 34.2822))",False
SLK-0067,2019-09-15T16:40:38Z,Sentinel-1B,Sentinel1B_20190915_164038_663,Eastern Mediterranean Sea,full_coverage,natural_seep,0.887,0.598,16.0,78.9,35.79392,27.70936,"POLYGON((27.73486 35.79631, 27.72496 35.81195, 27.70671 35.81025, 27.68214 35.80511, 27.6903 35.78776, 27.70458 35.77006, 27.72541 35.77266, 27.73486 35.79631))",False
SLK-0051,2019-09-22T04:13:04Z,Sentinel-1B,Sentinel1B_20190922_041304_939,Eastern Mediterranean Sea,full_coverage,coincident_vessel,0.901,0.623,4.489,9.5,35.35498,34.70182,"POLYGON((34.71427 35.35455, 34.71242 35.36338, 34.70418 35.36416, 34.69579 35.3658, 34.68991 35.35807, 34.68747 35.35241, 34.69757 35.34627, 34.70512 35.34367, 34.71039 35.35061, 34.71427 35.35455))",False
SLK-0054,2019-09-27T04:10:33Z,Sentinel-1B,Sentinel1B_20190927_041033_803,Eastern Mediterranean Sea,full_coverage,ambiguous,0.974,0.557,9.588,46.8,36.10113,32.18375,"POLYGON((32.20886 36.10014, 32.19678 36.10971, 32.18503 36.11858, 32.17491 36.11686, 32.162 36.10816, 32.16453 36.09663, 32.1782 36.09087, 32.18696 36.08278, 32.19541 36.09502, 32.20886 36.10014))",False
SLK-0032,2019-10-01T04:10:10Z,Sentinel-1A,Sentinel1A_20191001_041010_414,Eastern Mediterranean Sea,dense_oil_zone,coincident_vessel,0.883,0.99,4.732,10.7,32.44629,34.4421,"POLYGON((34.45843 32.44754, 34.44914 32.45896, 34.43387 32.45598, 34.42811 32.44678, 34.43584 32.43573, 34.44919 32.43432, 34.45843 32.44754))",False
SLK-0036,2019-10-01T04:13:05Z,Sentinel-1A,Sentinel1A_20191001_041305_102,Eastern Mediterranean Sea,full_coverage,old_vessel,0.849,0.869,17.566,22.3,34.11717,28.11386,"POLYGON((28.14241 34.11879, 28.1319 34.13952, 28.09843 34.13955, 28.08475 34.11942, 28.09706 34.09828, 28.12877 34.09316, 28.14241 34.11879))",False
SLK-0092,2019-10-04T04:15:30Z,Sentinel-1B,Sentinel1B_20191004_041530_747,Eastern Mediterranean Sea,dense_oil_zone,natural_seep,0.939,0.61,0.197,58.5,31.79621,30.41953,"POLYGON((30.42258 31.79644, 30.42172 31.79786, 30.41985 31.79784, 30.41768 31.79829, 30.41687 31.79692, 30.41779 31.79556, 30.41848 31.79487, 30.41971 31.79436, 30.42213 31.79448, 30.42258 31.79644))",True
SLK-0078,2019-10-08T16:35:30Z,Sentinel-1A,Sentinel1A_20191008_163530_587,Eastern Mediterranean Sea,full_coverage,recent_vessel,0.892,0.843,8.036,62.8,35.27297,32.26257,"POLYGON((32.28125 35.27317, 32.27087 35.28159, 32.26063 35.28886, 32.24551 35.28338, 32.24698 35.27485, 32.25378 35.2642, 32.26378 35.25907, 32.27123 35.26534, 32.28125 35.27317))",False
SLK-0084,2019-10-08T16:38:44Z,Sentinel-1A,Sentinel1A_20191008_163844_360,Eastern Mediterranean Sea,dense_oil_zone,old_vessel,0.87,0.421,0.399,12.3,34.25334,31.41078,"POLYGON((31.41448 34.25362, 31.41274 34.25717, 31.40817 34.25629, 31.4061 34.25363, 31.40886 34.24967, 31.41296 34.25096, 31.41448 34.25362))",True
SLK-0068,2019-10-18T04:14:46Z,Sentinel-1A,Sentinel1A_20191018_041446_115,Eastern Mediterranean Sea,dense_oil_zone,coincident_vessel,0.975,0.654,20.13,42.7,32.11,31.42938,"POLYGON((31.46279 32.11307, 31.45439 32.12959, 31.4292 32.13292, 31.40421 32.1298, 31.40895 32.11261, 31.41045 32.08872, 31.42713 32.08085, 31.45115 32.09566, 31.46279 32.11307))",False
SLK-0104,2019-10-22T16:36:49Z,Sentinel-1B,Sentinel1B_20191022_163649_137,Eastern Mediterranean Sea,dense_oil_zone,coincident_vessel,0.722,0.711,6.778,26.9,32.66859,31.01721,"POLYGON((31.03415 32.66735, 31.02741 32.67547, 31.01571 32.68199, 31.00572 32.67958, 31.00304 32.66935, 31.00452 32.65995, 31.01571 32.65774, 31.02857 32.65589, 31.03415 32.66735))",False
SLK-0124,2019-10-27T04:11:35Z,Sentinel-1A,Sentinel1A_20191027_041135_925,Eastern Mediterranean Sea,dense_oil_zone,recent_vessel,0.973,0.952,8.242,13.2,31.92173,31.97924,"POLYGON((31.99473 31.92176, 31.9893 31.9384, 31.97279 31.93308, 31.96234 31.92373, 31.97008 31.90454, 31.98713 31.91008, 31.99473 31.92176))",True
SLK-0120,2019-10-27T04:15:05Z,Sentinel-1A,Sentinel1A_20191027_041505_664,Eastern Mediterranean Sea,dense_oil_zone,coincident_vessel,0.782,0.757,10.729,91.3,33.30288,32.23716,"POLYGON((32.25745 33.30343, 32.25388 33.31585, 32.2387 33.32027, 32.22534 33.31623, 32.21943 33.3034, 32.22147 33.29092, 32.23631 33.29034, 32.24889 33.29011, 32.25745 33.30343))",False
SLK-0048,2019-11-05T16:37:02Z,Sentinel-1B,Sentinel1B_20191105_163702_811,Eastern Mediterranean Sea,dense_oil_zone,recent_vessel,0.903,0.866,18.242,12.1,32.30254,31.78955,"POLYGON((31.81715 32.30011, 31.80523 32.31113, 31.79183 32.3273, 31.77758 32.32711, 31.77041 32.30791, 31.76355 32.29165, 31.77707 32.27695, 31.79419 32.28391, 31.80733 32.28869, 31.81715 32.30011))",True
SLK-0050,2019-11-05T16:37:20Z,Sentinel-1B,Sentinel1B_20191105_163720_425,Eastern Mediterranean Sea,full_coverage,natural_seep,0.838,0.524,19.739,81.7,36.24858,34.74494,"POLYGON((34.77361 36.24864, 34.7603 36.26873, 34.74246 36.26771, 34.71993 36.25872, 34.71379 36.23798, 34.74315 36.23133, 34.76102 36.23645, 34.77361 36.24864))",True
SLK-0082,2019-11-05T16:39:39Z,Sentinel-1B,Sentinel1B_20191105_163939_636,Eastern Mediterranean Sea,dense_oil_zone,recent_vessel,0.722,0.738,13.373,79.5,33.48658,34.81212,"POLYGON((34.83339 33.48405, 34.82956 33.50463, 34.803 33.50842, 34.7898 33.49325, 34.78738 33.47709, 34.8065 33.46772, 34.82197 33.47274, 34.83339 33.48405))",True
SLK-0108,2019-11-09T04:09:50Z,Sentinel-1B,Sentinel1B_20191109_040950_964,Eastern Mediterranean Sea,dense_oil_zone,natural_seep,0.794,0.748,9.812,43.4,32.35607,31.07904,"POLYGON((31.09527 32.35733, 31.09334 32.36432, 31.08286 32.36921, 31.07048 32.36735, 31.05905 32.3649, 31.06129 32.35113, 31.0689 32.34384, 31.08218 32.34235, 31.09112 32.34911, 31.09527 32.35733))",True
SLK-0021,2019-11-09T04:12:37Z,Sentinel-1B,Sentinel1B_20191109_041237_243,Eastern Mediterranean Sea,dense_oil_zone,recent_vessel,0.947,0.763,2.576,40.9,33.68198,31.46374,"POLYGON((31.47438 33.68268, 31.46782 33.68945, 31.45997 33.68771, 31.45175 33.68232, 31.45841 33.67575, 31.46726 33.67688, 31.47438 33.68268))",True
SLK-0109,2019-11-12T04:13:08Z,Sentinel-1A,Sentinel1A_20191112_041308_242,Eastern Mediterranean Sea,dense_oil_zone,coincident_vessel,0.733,0.904,5.637,17.6,32.1165,30.29165,"POLYGON((30.30742 32.11838, 30.29897 32.12449, 30.28759 32.12642, 30.2754 32.12388, 30.27902 32.11193, 30.28981 32.10752, 30.30065 32.10772, 30.30742 32.11838))",False
SLK-0011,2019-11-12T04:14:18Z,Sentinel-1A,Sentinel1A_20191112_041418_344,Eastern Mediterranean Sea,full_coverage,coincident_vessel,0.756,0.87,19.633,62.4,35.22038,31.4906,"POLYGON((31.51198 35.22034, 31.50957 35.24403, 31.48415 35.23952, 31.46188 35.23468, 31.47152 35.21298, 31.48808 35.19523, 31.51503 35.20009, 31.51198 35.22034))",False
SLK-0041,2019-11-16T04:11:59Z,Sentinel-1A,Sentinel1A_20191116_041159_402,Eastern Mediterranean Sea,dense_oil_zone,old_vessel,0.938,0.33,6.641,6.9,34.43283,33.80731,"POLYGON((33.82788 34.43243, 33.81703 34.44238, 33.80713 34.44469, 33.79189 34.44249, 33.78729 34.43425, 33.80009 34.42477, 33.80612 34.41701, 33.81469 34.42516, 33.82788 34.43243))",False
SLK-0085,2019-11-16T04:14:29Z,Sentinel-1A,Sentinel1A_20191116_041429_187,Eastern Mediterranean Sea,full_coverage,infrastructure,0.848,0.912,19.805,57.9,36.10513,30.6128,"POLYGON((30.64401 36.10783, 30.63365 36.11717, 30.61827 36.12834, 30.60077 36.12238, 30.5937 36.11087, 30.58207 36.09304, 30.59752 36.08345, 30.62203 36.08239, 30.63217 36.09, 30.64401 36.10783))",True
SLK-0075,2019-11-22T16:35:38Z,Sentinel-1B,Sentinel1B_20191122_163538_768,Eastern Mediterranean Sea,full_coverage,coincident_vessel,0.923,0.669,15.906,62.4,34.10353,29.17108,"POLYGON((29.19149 34.10391, 29.18314 34.11954, 29.16287 34.12712, 29.14606 34.11497, 29.15181 34.09423, 29.16475 34.08871, 29.18034 34.0904, 29.19149 34.10391))",False
SLK-0069,2019-11-28T16:35:35Z,Sentinel-1A,Sentinel1A_20191128_163535_892,Eastern Mediterranean Sea,full_coverage,coincident_vessel,0.772,0.781,0.631,80.6,35.47481,33.499,"POLYGON((33.5035 35.47435, 33.50314 35.47825, 33.49945 35.47945, 33.49465 35.4776, 33.49433 35.47459, 33.49585 35.47144, 33.49951 35.4712, 33.50259 35.47186, 33.5035 35.47435))",True
SLK-0013,2019-11-28T16:36:43Z,Sentinel-1A,Sentinel1A_20191128_163643_412,Eastern Mediterranean Sea,full_coverage,recent_vessel,0.966,0.573,9.669,10.0,33.1086,28.65636,"POLYGON((28.67133 33.10743, 28.66703 33.11925, 28.6586 33.12631, 28.64238 33.11749, 28.63323 33.10609, 28.64274 33.09859, 28.65614 33.09299, 28.67186 33.09482, 28.67133 33.10743))",False
SLK-0025,2019-11-28T16:40:07Z,Sentinel-1A,Sentinel1A_20191128_164007_264,Eastern Mediterranean Sea,dense_oil_zone,recent_vessel,0.796,0.73,10.453,88.3,32.49525,34.63835,"POLYGON((34.65978 32.49333, 34.64673 32.50756, 34.62674 32.50857, 34.6199 32.49575, 34.62873 32.4782, 34.64716 32.48119, 34.65978 32.49333))",False
SLK-0042,2019-11-28T16:40:51Z,Sentinel-1A,Sentinel1A_20191128_164051_333,Eastern Mediterranean Sea,full_coverage,natural_seep,0.778,0.468,20.777,42.0,35.48251,28.601,"POLYGON((28.63589 35.4808, 28.61432 35.49624, 28.59108 35.50483, 28.57208 35.49063, 28.57176 35.47234, 28.59536 35.46564, 28.6144 35.46678, 28.63589 35.4808))",True
SLK-0112,2019-12-09T04:10:59Z,Sentinel-1B,Sentinel1B_20191209_041059_930,Eastern Mediterranean Sea,dense_oil_zone,recent_vessel,0.713,0.686,16.049,35.1,32.14671,33.54037,"POLYGON((33.56613 32.14344, 33.55706 32.15689, 33.54329 32.16122, 33.52108 32.16741, 33.51707 32.15378, 33.52096 32.14051, 33.53104 32.13062, 33.54754 32.12179, 33.5537 32.13527, 33.56613 32.14344))",True
SLK-0017,2019-12-09T04:14:39Z,Sentinel-1B,Sentinel1B_20191209_041439_994,Eastern Mediterranean Sea,dense_oil_zone,recent_vessel,0.988,0.972,3.839,58.1,32.43131,31.06272,"POLYGON((31.0753 32.4328, 31.0686 32.44047, 31.05628 32.43905, 31.05259 32.43008, 31.0569 32.42054, 31.06871 32.42184, 31.0753 32.4328))",True
SLK-0072,2019-12-14T16:39:54Z,Sentinel-1B,Sentinel1B_20191214_163954_809,Eastern Mediterranean Sea,dense_oil_zone,recent_vessel,0.849,0.717,0.094,51.5,31.74731,32.60959,"POLYGON((32.61183 31.74709, 32.6114 31.74834, 32.60985 31.74847, 32.60849 31.74899, 32.60776 31.74788, 32.60817 31.74704, 32.60853 31.7457, 32.60966 31.74591, 32.61102 31.74604, 32.61183 31.74709))",True
SLK-0022,2019-12-14T16:40:02Z,Sentinel-1B,Sentinel1B_20191214_164002_686,Eastern Mediterranean Sea,dense_oil_zone,coincident_vessel,0.867,0.849,15.226,8.5,32.29295,32.3421,"POLYGON((32.36202 32.29052, 32.35796 32.30461, 32.34101 32.30885, 32.32347 32.30689, 32.31617 32.29387, 32.32192 32.27608, 32.34077 32.27882, 32.35323 32.28209, 32.36202 32.29052))",False
SLK-0094,2019-12-14T16:41:32Z,Sentinel-1B,Sentinel1B_20191214_164132_970,Eastern Mediterranean Sea,full_coverage,coincident_vessel,0.793,0.663,9.651,10.0,36.17013,32.12136,"POLYGON((32.14145 36.16843, 32.13243 36.18374, 32.11293 36.18834, 32.10468 36.17755, 32.10718 36.16569, 32.11699 36.15724, 32.1337 36.15802, 32.14145 36.16843))",False
SLK-0099,2019-12-17T04:10:15Z,Sentinel-1A,Sentinel1A_20191217_041015_578,Eastern Mediterranean Sea,dense_oil_zone,infrastructure,0.907,0.747,9.216,25.2,33.2763,34.158,"POLYGON((34.17697 33.2773, 34.16826 33.2848, 34.15279 33.28986, 34.14579 33.28019, 34.14114 33.27073, 34.15484 33.25908, 34.16958 33.26153, 34.17697 33.2773))",True
SLK-0005,2019-12-17T04:13:59Z,Sentinel-1A,Sentinel1A_20191217_041359_545,Eastern Mediterranean Sea,dense_oil_zone,recent_vessel,0.97,0.698,5.173,22.1,34.4475,34.03081,"POLYGON((34.046 34.44684, 34.04045 34.4567, 34.02887 34.45956, 34.01644 34.45172, 34.01941 34.44366, 34.02734 34.43748, 34.03819 34.44122, 34.046 34.44684))",True
SLK-0016,2019-12-17T04:14:44Z,Sentinel-1A,Sentinel1A_20191217_041444_509,Eastern Mediterranean Sea,dense_oil_zone,coincident_vessel,0.749,0.76,9.575,80.5,33.29288,34.7367,"POLYGON((34.75674 33.2909, 34.74751 33.31023, 34.72971 33.30248, 34.7151 33.29131, 34.7268 33.27442, 34.74465 33.28245, 34.75674 33.2909))",False
SLK-0081,2019-12-21T16:38:30Z,Sentinel-1A,Sentinel1A_20191221_163830_681,Eastern Mediterranean Sea,dense_oil_zone,recent_vessel,0.802,0.808,14.468,42.1,32.8501,30.14007,"POLYGON((30.16121 32.85051, 30.15732 32.86415, 30.13831 32.86382, 30.12469 32.86653, 30.12056 32.85197, 30.12735 32.84173, 30.13628 32.82676, 30.15729 32.83139, 30.16121 32.85051))",False
SLK-0095,2019-12-25T16:37:59Z,Sentinel-1A,Sentinel1A_20191225_163759_345,Eastern Mediterranean Sea,dense_oil_zone,natural_seep,0.706,0.66,13.631,84.0,31.77955,31.36285,"POLYGON((31.38241 31.77746, 31.37516 31.79017, 31.36068 31.80221, 31.34245 31.78598, 31.34676 31.77342, 31.35897 31.76199, 31.3742 31.76704, 31.38241 31.77746))",False
SLK-0023,2019-12-28T16:35:47Z,Sentinel-1A,Sentinel1A_20191228_163547_537,Eastern Mediterranean Sea,dense_oil_zone,coincident_vessel,0.975,0.842,19.573,16.2,31.61079,30.62772,"POLYGON((30.64981 31.61303, 30.64118 31.62256, 30.63012 31.62749, 30.61347 31.62441, 30.59931 31.61236, 30.61464 31.59788, 30.6273 31.59072, 30.64772 31.59491, 30.64981 31.61303))",False
